methods,path,spring_path,params,headers,consumes,produces,controller,handler,source_language,response_body,response_kind,response_status,response_content_types,request_params,path_variables,model_attributes,controller_model_attributes,controller_exception_handlers,form_fields,model_keys,view_names,source,line,annotation,class_annotation
ANY,/,/,,,,,MainPageController,mainPage,scala,False,html-view,,"[{""value"":""text/html; charset=utf-8"",""source"":""WEB-INF/jsp/index.jsp page directive"",""confidence"":""high""}]",[],[],[],[],[],,,index,src/main/scala/ru/org/linux/spring/MainPageController.scala,40,"@RequestMapping(path = Array(""/"", ""/index.jsp""))",
ANY,/ExceptionResolver,/ExceptionResolver,,,,,ExceptionController,defaultExceptionHandler,scala,False,redirect-or-view,,[],[],[],[],[],[],,,,src/main/scala/ru/org/linux/exception/ExceptionController.scala,27,"@RequestMapping(Array(""/ExceptionResolver""))",
ANY,/about,/about,,,,,ServerInfoController,serverInfo,scala,False,html-view,,"[{""value"":""text/html; charset=utf-8"",""source"":""WEB-INF/jsp/server.jsp page directive"",""confidence"":""high""}]",[],[],[],[],[],,,server,src/main/scala/ru/org/linux/spring/ServerInfoController.scala,26,"@RequestMapping(Array(""/about""))",
GET,/activate,/activate,,,,,RegisterController,activateForm,scala,False,html-view,,"[{""value"":""text/html; charset=utf-8"",""source"":""WEB-INF/jsp/activate.jsp page directive"",""confidence"":""high""}]","[{""name"":""nick"",""parameter"":""nick"",""type"":""String"",""required"":false,""default"":null,""source"":""annotation"",""confidence"":""high""},{""name"":""activation"",""parameter"":""activation"",""type"":""String"",""required"":false,""default"":null,""source"":""annotation"",""confidence"":""high""}]",[],[],[],[],,,activate,src/main/scala/ru/org/linux/user/RegisterController.scala,117,"@RequestMapping(value = Array(""/activate"", ""/activate.jsp""), method = Array(RequestMethod.GET))",
POST,/activate,/activate,action,,,,RegisterController,activateNew,scala,False,redirect-or-view,,"[{""value"":""text/html; charset=utf-8"",""source"":""WEB-INF/jsp/activate.jsp page directive"",""confidence"":""high""}]","[{""name"":""activation"",""parameter"":""activation"",""type"":""String"",""required"":true,""default"":null,""source"":""annotation"",""confidence"":""high""},{""name"":""nick"",""parameter"":""nick"",""type"":""String"",""required"":true,""default"":null,""source"":""annotation"",""confidence"":""high""},{""name"":""passwd"",""parameter"":""passwd"",""type"":""String"",""required"":true,""default"":null,""source"":""annotation"",""confidence"":""high""}]",[],[],[],[],,,activate,src/main/scala/ru/org/linux/user/RegisterController.scala,123,"@RequestMapping(value = Array(""/activate"", ""/activate.jsp""), method = Array(RequestMethod.POST), params = Array(""action""))",
POST,/activate,/activate,!action,,,,RegisterController,activate,scala,False,redirect-or-view,,"[{""value"":""text/html; charset=utf-8"",""source"":""WEB-INF/jsp/activate.jsp page directive"",""confidence"":""high""}]","[{""name"":""activation"",""parameter"":""activation"",""type"":""String"",""required"":true,""default"":null,""source"":""annotation"",""confidence"":""high""}]",[],[],[],[],,,activate,src/main/scala/ru/org/linux/user/RegisterController.scala,172,"@RequestMapping(value = Array(""/activate"", ""/activate.jsp""), method = Array(RequestMethod.POST), params = Array(""!action""))",
GET,/activate.jsp,/activate.jsp,,,,,RegisterController,activateForm,scala,False,html-view,,"[{""value"":""text/html; charset=utf-8"",""source"":""WEB-INF/jsp/activate.jsp page directive"",""confidence"":""high""}]","[{""name"":""nick"",""parameter"":""nick"",""type"":""String"",""required"":false,""default"":null,""source"":""annotation"",""confidence"":""high""},{""name"":""activation"",""parameter"":""activation"",""type"":""String"",""required"":false,""default"":null,""source"":""annotation"",""confidence"":""high""}]",[],[],[],[],,,activate,src/main/scala/ru/org/linux/user/RegisterController.scala,117,"@RequestMapping(value = Array(""/activate"", ""/activate.jsp""), method = Array(RequestMethod.GET))",
POST,/activate.jsp,/activate.jsp,action,,,,RegisterController,activateNew,scala,False,redirect-or-view,,"[{""value"":""text/html; charset=utf-8"",""source"":""WEB-INF/jsp/activate.jsp page directive"",""confidence"":""high""}]","[{""name"":""activation"",""parameter"":""activation"",""type"":""String"",""required"":true,""default"":null,""source"":""annotation"",""confidence"":""high""},{""name"":""nick"",""parameter"":""nick"",""type"":""String"",""required"":true,""default"":null,""source"":""annotation"",""confidence"":""high""},{""name"":""passwd"",""parameter"":""passwd"",""type"":""String"",""required"":true,""default"":null,""source"":""annotation"",""confidence"":""high""}]",[],[],[],[],,,activate,src/main/scala/ru/org/linux/user/RegisterController.scala,123,"@RequestMapping(value = Array(""/activate"", ""/activate.jsp""), method = Array(RequestMethod.POST), params = Array(""action""))",
POST,/activate.jsp,/activate.jsp,!action,,,,RegisterController,activate,scala,False,redirect-or-view,,"[{""value"":""text/html; charset=utf-8"",""source"":""WEB-INF/jsp/activate.jsp page directive"",""confidence"":""high""}]","[{""name"":""activation"",""parameter"":""activation"",""type"":""String"",""required"":true,""default"":null,""source"":""annotation"",""confidence"":""high""}]",[],[],[],[],,,activate,src/main/scala/ru/org/linux/user/RegisterController.scala,172,"@RequestMapping(value = Array(""/activate"", ""/activate.jsp""), method = Array(RequestMethod.POST), params = Array(""!action""))",
ANY,/add-section.jsp,/add-section.jsp,section,,,,AddTopicController,showFormWithSection,scala,False,redirect-or-view,,"[{""value"":""text/html; charset=utf-8"",""source"":""WEB-INF/jsp/add-section.jsp page directive"",""confidence"":""high""}]","[{""name"":""section"",""parameter"":""sectionId"",""type"":""Int"",""required"":true,""default"":null,""source"":""annotation"",""confidence"":""high""},{""name"":""tag"",""parameter"":""tag"",""type"":""String"",""required"":false,""default"":null,""source"":""annotation"",""confidence"":""high""}]",[],[],[],"[{""handler"":""handleNotFoundException"",""exceptions"":[""SectionNotFoundException""],""response_status"":""NOT_FOUND"",""return_type"":""ModelAndView"",""source"":""controller-exception-handler"",""confidence"":""high""}]",,,add-section,src/main/scala/ru/org/linux/topic/AddTopicController.scala,318,"@RequestMapping(path = Array(""/add-section.jsp""), params = Array(""section""))",
ANY,/add-section.jsp,/add-section.jsp,!section,,,,AddTopicController,showFormAllSections,scala,False,html-view,,"[{""value"":""text/html; charset=utf-8"",""source"":""WEB-INF/jsp/add-section.jsp page directive"",""confidence"":""high""}]","[{""name"":""tag"",""parameter"":""tag"",""type"":""String"",""required"":false,""default"":null,""source"":""annotation"",""confidence"":""high""}]",[],[],[],"[{""handler"":""handleNotFoundException"",""exceptions"":[""SectionNotFoundException""],""response_status"":""NOT_FOUND"",""return_type"":""ModelAndView"",""source"":""controller-exception-handler"",""confidence"":""high""}]",,,add-section,src/main/scala/ru/org/linux/topic/AddTopicController.scala,383,"@RequestMapping(path = Array(""/add-section.jsp""), params = Array(""!section""))",
GET,/add.jsp,/add.jsp,,,,,AddTopicController,add,scala,False,html-view,,"[{""value"":""text/html; charset=utf-8"",""source"":""WEB-INF/jsp/add.jsp page directive"",""confidence"":""high""}]",[],[],"[{""name"":""form"",""parameter"":""form"",""type"":""AddTopicRequest"",""fields"":[""allowAnonymous"",""draft"",""group"",""images"",""linktext"",""msg"",""multiSelect"",""nick"",""noinfo"",""password"",""poll"",""preview"",""tags"",""title"",""uploadedImages"",""url""],""source"":""annotation+bean-accessors"",""confidence"":""high""}]",[],"[{""handler"":""handleNotFoundException"",""exceptions"":[""SectionNotFoundException""],""response_status"":""NOT_FOUND"",""return_type"":""ModelAndView"",""source"":""controller-exception-handler"",""confidence"":""high""}]","allowAnonymous,draft,group,images,linktext,msg,multiSelect,nick,noinfo,password,poll,preview,tags,title,uploadedImages,url",,add,src/main/scala/ru/org/linux/topic/AddTopicController.scala,134,"@RequestMapping(value = Array(""/add.jsp""), method = Array(RequestMethod.GET))",
POST,/add.jsp,/add.jsp,,,,,AddTopicController,doAdd,scala,False,html-view,,"[{""value"":""text/html; charset=utf-8"",""source"":""WEB-INF/jsp/add.jsp page directive"",""confidence"":""high""}]",[],[],"[{""name"":""form"",""parameter"":""form"",""type"":""AddTopicRequest"",""fields"":[""allowAnonymous"",""draft"",""group"",""images"",""linktext"",""msg"",""multiSelect"",""nick"",""noinfo"",""password"",""poll"",""preview"",""tags"",""title"",""uploadedImages"",""url""],""source"":""annotation+bean-accessors"",""confidence"":""high""}]",[],"[{""handler"":""handleNotFoundException"",""exceptions"":[""SectionNotFoundException""],""response_status"":""NOT_FOUND"",""return_type"":""ModelAndView"",""source"":""controller-exception-handler"",""confidence"":""high""}]","allowAnonymous,draft,group,images,linktext,msg,multiSelect,nick,noinfo,password,poll,preview,tags,title,uploadedImages,url",,add,src/main/scala/ru/org/linux/topic/AddTopicController.scala,183,"@RequestMapping(value = Array(""/add.jsp""), method = Array(RequestMethod.POST))",
GET,/add_comment.jsp,/add_comment.jsp,,,,,AddCommentController,showFormReply,scala,False,html-view,,"[{""value"":""text/html; charset=utf-8"",""source"":""WEB-INF/jsp/add_comment.jsp page directive"",""confidence"":""high""}]",[],[],"[{""name"":""add"",""parameter"":""add"",""type"":""CommentRequest"",""fields"":[""msg"",""nick"",""original"",""password"",""preview"",""replyto"",""topic""],""source"":""annotation+bean-accessors"",""confidence"":""high""}]",[],[],"msg,nick,original,password,preview,replyto,topic",,add_comment,src/main/scala/ru/org/linux/comment/AddCommentController.scala,54,"@RequestMapping(value = Array(""/add_comment.jsp""), method = Array(RequestMethod.GET))",
POST,/add_comment.jsp,/add_comment.jsp,,,,,AddCommentController,addComment,scala,False,redirect-or-view,,"[{""value"":""text/html; charset=utf-8"",""source"":""WEB-INF/jsp/add_comment.jsp page directive"",""confidence"":""high""}]",[],[],"[{""name"":""add"",""parameter"":""add"",""type"":""CommentRequest"",""fields"":[""msg"",""nick"",""original"",""password"",""preview"",""replyto"",""topic""],""source"":""annotation+bean-accessors"",""confidence"":""high""}]",[],[],"msg,nick,original,password,preview,replyto,topic",,add_comment,src/main/scala/ru/org/linux/comment/AddCommentController.scala,89,"@RequestMapping(value = Array(""/add_comment.jsp""), method = Array(RequestMethod.POST))",
POST,/add_comment_ajax,/add_comment_ajax,,,,application/json; charset=UTF-8,AddCommentController,addCommentAjax,scala,True,json,,"[{""value"":""application/json; charset=UTF-8"",""source"":""RequestMapping.produces"",""confidence"":""high""}]",[],[],"[{""name"":""add"",""parameter"":""add"",""type"":""CommentRequest"",""fields"":[""msg"",""nick"",""original"",""password"",""preview"",""replyto"",""topic""],""source"":""annotation+bean-accessors"",""confidence"":""high""}]",[],[],"msg,nick,original,password,preview,replyto,topic",,,src/main/scala/ru/org/linux/comment/AddCommentController.scala,136,"@RequestMapping(value = Array(""/add_comment_ajax""), produces = Array(""application/json; charset=UTF-8""), method = Array(RequestMethod.POST))",
GET,/addphoto.jsp,/addphoto.jsp,,,,,UserpicController,showForm,scala,False,html-view,,"[{""value"":""text/html; charset=utf-8"",""source"":""WEB-INF/jsp/addphoto.jsp page directive"",""confidence"":""high""}]",[],[],[],[],[],,,addphoto,src/main/scala/ru/org/linux/user/UserpicController.scala,45,"@RequestMapping(value = Array(""/addphoto.jsp""), method = Array(RequestMethod.GET))",
POST,/addphoto.jsp,/addphoto.jsp,,,,,UserpicController,addPhoto,scala,False,redirect-or-view,,"[{""value"":""text/html; charset=utf-8"",""source"":""WEB-INF/jsp/addphoto.jsp page directive"",""confidence"":""high""}]","[{""name"":""file"",""parameter"":""file"",""type"":""MultipartFile"",""required"":true,""default"":null,""source"":""annotation"",""confidence"":""high""}]",[],[],[],[],,,addphoto,src/main/scala/ru/org/linux/user/UserpicController.scala,52,"@RequestMapping(value = Array(""/addphoto.jsp""), method = Array(RequestMethod.POST))",
ANY,/admin/email-domains,/admin/email-domains,,,,,EmailDomainsBlockController,list,scala,False,html-view,,"[{""value"":""text/html; charset=utf-8"",""source"":""WEB-INF/jsp/email-domains.jsp page directive"",""confidence"":""high""}]","[{""name"":""offset"",""parameter"":""offset"",""type"":""Int"",""required"":false,""default"":""0"",""source"":""annotation"",""confidence"":""high""}]",[],[],[],[],,,email-domains,src/main/scala/ru/org/linux/admin/EmailDomainsBlockController.scala,48,"@RequestMapping(Array(""/admin/email-domains""))",
POST,/admin/email-domains/add,/admin/email-domains/add,,,,,EmailDomainsBlockController,add,scala,False,redirect-or-view,,[],"[{""name"":""domain"",""parameter"":""domain"",""type"":""String"",""required"":true,""default"":null,""source"":""annotation"",""confidence"":""high""}]",[],[],[],[],,,,src/main/scala/ru/org/linux/admin/EmailDomainsBlockController.scala,83,"@RequestMapping(value = Array(""/admin/email-domains/add""), method = Array(RequestMethod.POST))",
POST,/admin/email-domains/delete,/admin/email-domains/delete,,,,,EmailDomainsBlockController,delete,scala,False,redirect-or-view,,[],"[{""name"":""domain"",""parameter"":""domain"",""type"":""String"",""required"":true,""default"":null,""source"":""annotation"",""confidence"":""high""}]",[],[],[],[],,,,src/main/scala/ru/org/linux/admin/EmailDomainsBlockController.scala,97,"@RequestMapping(value = Array(""/admin/email-domains/delete""), method = Array(RequestMethod.POST))",
GET,/admin/geoip,/admin/geoip,,,,,GeoLocationController,geoip,scala,True,json,,"[{""value"":""application/json"",""source"":""@ResponseBody Json + configured message converter"",""confidence"":""medium""}]","[{""name"":""ip"",""parameter"":""ip"",""type"":""String"",""required"":true,""default"":null,""source"":""annotation"",""confidence"":""high""}]",[],[],[],[],,,,src/main/scala/ru/org/linux/auth/GeoLocationController.scala,24,"@RequestMapping(value = Array(""/admin/geoip""), method = Array(RequestMethod.GET))",
POST,/admin/search-reindex,/admin/search-reindex,action=all,,,,SearchControlController,reindexAll,scala,False,html-view,,"[{""value"":""text/html;charset=UTF-8"",""source"":""WEB-INF/jsp/action-done.jsp page directive"",""confidence"":""high""}]",[],[],[],[],[],,,action-done,src/main/scala/ru/org/linux/search/SearchControlController.scala,28,"@RequestMapping(value = Array(""/admin/search-reindex""), method = Array(RequestMethod.POST), params = Array(""action=all""))",
POST,/admin/search-reindex,/admin/search-reindex,action=current,,,,SearchControlController,reindexCurrentMonth,scala,False,html-view,,"[{""value"":""text/html;charset=UTF-8"",""source"":""WEB-INF/jsp/action-done.jsp page directive"",""confidence"":""high""}]",[],[],[],[],[],,,action-done,src/main/scala/ru/org/linux/search/SearchControlController.scala,51,"@RequestMapping(value = Array(""/admin/search-reindex""), method = Array(RequestMethod.POST), params = Array(""action=current""))",
GET,/admin/search-reindex,/admin/search-reindex,,,,,SearchControlController,reindex,scala,False,unknown,,"[{""value"":""text/html;charset=UTF-8"",""source"":""WEB-INF/jsp/search-reindex.jsp page directive"",""confidence"":""high""}]",[],[],[],[],[],,,search-reindex,src/main/scala/ru/org/linux/search/SearchControlController.scala,64,"@RequestMapping(value = Array(""/admin/search-reindex""), method = Array(RequestMethod.GET))",
ANY,/articles.boxlet,/articles.boxlet,,,,,ArticlesBoxlet,getData,scala,False,html-view,,"[{""value"":""text/html;charset=UTF-8"",""source"":""WEB-INF/jsp/boxlets/topiclist.jsp page directive"",""confidence"":""high""}]",[],[],[],[],[],,,boxlets/topiclist,src/main/scala/ru/org/linux/boxlets/ArticlesBoxlet.scala,29,"@RequestMapping(path = Array(""/articles.boxlet""))",
ANY,/articles/archive,/articles/archive,,,,,ArchiveController,articlesArchive,scala,False,html-view,,[],[],[],[],[],"[{""handler"":""handleNotFoundException"",""exceptions"":[""GroupNotFoundException""],""response_status"":""NOT_FOUND"",""return_type"":null,""source"":""controller-exception-handler"",""confidence"":""high""}]",,,,src/main/scala/ru/org/linux/topic/ArchiveController.scala,85,"@RequestMapping(path = Array(""/articles/archive""))",
ANY,/articles/{group}/{id}/history,/articles/{group}/{id}/history,,,,,EditHistoryController,showEditInfo,scala,False,html-view,,"[{""value"":""text/html; charset=utf-8"",""source"":""WEB-INF/jsp/history.jsp page directive"",""confidence"":""high""}]",[],"[{""name"":""id"",""parameter"":""msgid"",""type"":""Int"",""required"":true,""default"":null,""source"":""annotation"",""confidence"":""high""}]",[],[],[],,,history,src/main/scala/ru/org/linux/edithistory/EditHistoryController.scala,35,"@RequestMapping(Array(""/news/{group}/{id}/history"", ""/forum/{group}/{id}/history"", ""/gallery/{group}/{id}/history"", ""/polls/{group}/{id}/history"", ""/articles/{group}/{id}/history""))",
ANY,/articles/{group}/{id}/{commentid}/history,/articles/{group}/{id}/{commentid}/history,,,,,EditHistoryController,showCommentEditInfo,scala,False,html-view,,"[{""value"":""text/html; charset=utf-8"",""source"":""WEB-INF/jsp/history.jsp page directive"",""confidence"":""high""}]",[],"[{""name"":""id"",""parameter"":""msgid"",""type"":""Int"",""required"":true,""default"":null,""source"":""annotation"",""confidence"":""high""},{""name"":""commentid"",""parameter"":""commentId"",""type"":""Int"",""required"":true,""default"":null,""source"":""annotation"",""confidence"":""high""}]",[],[],[],,,history,src/main/scala/ru/org/linux/edithistory/EditHistoryController.scala,60,"@RequestMapping(Array(""/news/{group}/{id}/{commentid}/history"", ""/forum/{group}/{id}/{commentid}/history"", ""/gallery/{group}/{id}/{commentid}/history"", ""/polls/{group}/{id}/{commentid}/history"", ""/articles/{group}/{id}/{commentid}/history""))",
POST,/banip.jsp,/banip.jsp,,,,,BanIPController,banIP,scala,False,redirect-or-view,,[],"[{""name"":""ip"",""parameter"":""ip"",""type"":""String"",""required"":true,""default"":null,""source"":""annotation"",""confidence"":""high""},{""name"":""reason"",""parameter"":""reason"",""type"":""String"",""required"":true,""default"":null,""source"":""annotation"",""confidence"":""high""},{""name"":""time"",""parameter"":""time"",""type"":""String"",""required"":true,""default"":null,""source"":""annotation"",""confidence"":""high""},{""name"":""allow_posting"",""parameter"":""allowPosting"",""type"":""Boolean"",""required"":false,""default"":""false"",""source"":""annotation"",""confidence"":""high""},{""name"":""captcha_required"",""parameter"":""captchaRequired"",""type"":""Boolean"",""required"":false,""default"":""false"",""source"":""annotation"",""confidence"":""high""}]",[],[],[],[],,,,src/main/scala/ru/org/linux/auth/BanIPController.scala,34,"@RequestMapping(value = Array(""/banip.jsp""), method = Array(RequestMethod.POST))",
ANY,/check-login,/check-login,,,,,RegisterController,ajaxLoginCheck,scala,True,json,,"[{""value"":""application/json"",""source"":""@ResponseBody Json + configured message converter"",""confidence"":""medium""}]","[{""name"":""nick"",""parameter"":""nick"",""type"":""String"",""required"":true,""default"":null,""source"":""annotation"",""confidence"":""high""}]",[],[],[],[],,,,src/main/scala/ru/org/linux/user/RegisterController.scala,194,"@RequestMapping(path = Array(""check-login""))",
POST,/clear-warning,/clear-warning,,,,,WarningController,clear,scala,False,redirect-or-view,,[],"[{""name"":""id"",""parameter"":""id"",""type"":""Int"",""required"":true,""default"":null,""source"":""annotation"",""confidence"":""high""}]",[],[],[],[],,,,src/main/scala/ru/org/linux/warning/WarningController.scala,198,"@RequestMapping(value = Array(""/clear-warning""), method = Array(RequestMethod.POST))",
ANY,/comment-message.jsp,/comment-message.jsp,,,,,AddCommentController,showFormTopic,scala,False,html-view,,"[{""value"":""text/html; charset=utf-8"",""source"":""WEB-INF/jsp/comment-message.jsp page directive"",""confidence"":""high""}]",[],[],"[{""name"":""add"",""parameter"":""add"",""type"":""CommentRequest"",""fields"":[""msg"",""nick"",""original"",""password"",""preview"",""replyto"",""topic""],""source"":""annotation+bean-accessors"",""confidence"":""high""}]",[],[],"msg,nick,original,password,preview,replyto,topic",,comment-message,src/main/scala/ru/org/linux/comment/AddCommentController.scala,71,"@RequestMapping(path = Array(""/comment-message.jsp""))",
GET,/commit.jsp,/commit.jsp,,,,,EditTopicController,showCommitForm,scala,False,html-view,,"[{""value"":""text/html; charset=utf-8"",""source"":""WEB-INF/jsp/edit.jsp page directive"",""confidence"":""high""}]","[{""name"":""msgid"",""parameter"":""msgid"",""type"":""Int"",""required"":true,""default"":null,""source"":""annotation"",""confidence"":""high""}]",[],"[{""name"":""form"",""parameter"":""form"",""type"":""EditTopicRequest"",""fields"":[""bonus"",""editorBonus"",""fromHistory"",""images"",""lastEdit"",""linktext"",""minor"",""msg"",""msgid"",""multiselect"",""newPoll"",""poll"",""tags"",""title"",""uploadedImages"",""url""],""source"":""annotation+bean-accessors"",""confidence"":""high""}]",[],[],"bonus,editorBonus,fromHistory,images,lastEdit,linktext,minor,msg,msgid,multiselect,newPoll,poll,tags,title,uploadedImages,url",,edit,src/main/scala/ru/org/linux/topic/EditTopicController.scala,58,"@RequestMapping(value = Array(""/commit.jsp""), method = Array(RequestMethod.GET))",
GET,/delete.jsp,/delete.jsp,,,,,DeleteTopicController,showForm,scala,False,html-view,,"[{""value"":""text/html; charset=utf-8"",""source"":""WEB-INF/jsp/delete.jsp page directive"",""confidence"":""high""}]","[{""name"":""msgid"",""parameter"":""msgid"",""type"":""Int"",""required"":true,""default"":null,""source"":""annotation"",""confidence"":""high""}]",[],[],"[{""name"":""deleteReasons"",""provider"":""deleteReasons"",""return_type"":""util.List[String]"",""source"":""controller-model-provider"",""confidence"":""high""}]",[],,,delete,src/main/scala/ru/org/linux/topic/DeleteTopicController.scala,50,"@RequestMapping(value = Array(""/delete.jsp""), method = Array(RequestMethod.GET))",
POST,/delete.jsp,/delete.jsp,,,,,DeleteTopicController,deleteMessage,scala,False,html-view,,"[{""value"":""text/html;charset=UTF-8"",""source"":""WEB-INF/jsp/action-done.jsp page directive"",""confidence"":""high""}]","[{""name"":""msgid"",""parameter"":""msgid"",""type"":""Int"",""required"":true,""default"":null,""source"":""annotation"",""confidence"":""high""},{""name"":""reason"",""parameter"":""reason"",""type"":""String"",""required"":true,""default"":null,""source"":""annotation"",""confidence"":""high""},{""name"":""bonus"",""parameter"":""bonus"",""type"":""Int"",""required"":false,""default"":""0"",""source"":""annotation"",""confidence"":""high""}]",[],[],"[{""name"":""deleteReasons"",""provider"":""deleteReasons"",""return_type"":""util.List[String]"",""source"":""controller-model-provider"",""confidence"":""high""}]",[],,,action-done,src/main/scala/ru/org/linux/topic/DeleteTopicController.scala,73,"@RequestMapping(value = Array(""/delete.jsp""), method = Array(RequestMethod.POST))",
GET,/delete_comment.jsp,/delete_comment.jsp,,,,,DeleteCommentController,showForm,scala,False,html-view,,"[{""value"":""text/html; charset=utf-8"",""source"":""WEB-INF/jsp/delete_comment.jsp page directive"",""confidence"":""high""}]","[{""name"":""msgid"",""parameter"":""msgid"",""type"":""Int"",""required"":true,""default"":null,""source"":""annotation"",""confidence"":""high""}]",[],[],"[{""name"":""deleteReasons"",""provider"":""deleteReasons"",""return_type"":""util.List[String]"",""source"":""controller-model-provider"",""confidence"":""high""}]","[{""handler"":""handleUserNotFound"",""exceptions"":[""ScriptErrorException"",""UserErrorException"",""AccessViolationException""],""response_status"":""FORBIDDEN"",""return_type"":""ModelAndView"",""source"":""controller-exception-handler"",""confidence"":""high""}]",,,delete_comment,src/main/scala/ru/org/linux/comment/DeleteCommentController.scala,44,"@RequestMapping(value = Array(""/delete_comment.jsp""), method = Array(RequestMethod.GET))",
POST,/delete_comment.jsp,/delete_comment.jsp,,,,,DeleteCommentController,deleteComments,scala,False,html-view,,"[{""value"":""text/html;charset=UTF-8"",""source"":""WEB-INF/jsp/action-done.jsp page directive"",""confidence"":""high""},{""value"":""text/html;charset=UTF-8"",""source"":""WEB-INF/jsp/comment-deleted-by-moderator.jsp page directive"",""confidence"":""high""}]","[{""name"":""msgid"",""parameter"":""msgid"",""type"":""Int"",""required"":true,""default"":null,""source"":""annotation"",""confidence"":""high""},{""name"":""reason"",""parameter"":""reason"",""type"":""String"",""required"":true,""default"":null,""source"":""annotation"",""confidence"":""high""},{""name"":""bonus"",""parameter"":""bonus"",""type"":""Int"",""required"":false,""default"":""0"",""source"":""annotation"",""confidence"":""high""},{""name"":""delete_replys"",""parameter"":""deleteReplys"",""type"":""Boolean"",""required"":false,""default"":""false"",""source"":""annotation"",""confidence"":""high""}]",[],[],"[{""name"":""deleteReasons"",""provider"":""deleteReasons"",""return_type"":""util.List[String]"",""source"":""controller-model-provider"",""confidence"":""high""}]","[{""handler"":""handleUserNotFound"",""exceptions"":[""ScriptErrorException"",""UserErrorException"",""AccessViolationException""],""response_status"":""FORBIDDEN"",""return_type"":""ModelAndView"",""source"":""controller-exception-handler"",""confidence"":""high""}]",,,"action-done,comment-deleted-by-moderator",src/main/scala/ru/org/linux/comment/DeleteCommentController.scala,83,"@RequestMapping(value = Array(""/delete_comment.jsp""), method = Array(RequestMethod.POST))",
GET,/delete_image,/delete_image,,,,,DeleteImageController,deleteForm,scala,False,html-view,,"[{""value"":""text/html; charset=utf-8"",""source"":""WEB-INF/jsp/delete_image.jsp page directive"",""confidence"":""high""}]","[{""name"":""id"",""parameter"":""id"",""type"":""Int"",""required"":true,""default"":null,""source"":""annotation"",""confidence"":""high""}]",[],[],[],"[{""handler"":""handleImageNotFoundException"",""exceptions"":[""ImageNotFoundException""],""response_status"":""NOT_FOUND"",""return_type"":""ModelAndView"",""source"":""controller-exception-handler"",""confidence"":""high""}]",,"image,preparedTopic",delete_image,src/main/scala/ru/org/linux/gallery/DeleteImageController.scala,40,@RequestMapping(method = Array(RequestMethod.GET)),"@RequestMapping(Array(""/delete_image""))"
POST,/delete_image,/delete_image,,,,,DeleteImageController,deleteImage,scala,False,redirect,,[],"[{""name"":""id"",""parameter"":""id"",""type"":""Int"",""required"":true,""default"":null,""source"":""annotation"",""confidence"":""high""}]",[],[],[],"[{""handler"":""handleImageNotFoundException"",""exceptions"":[""ImageNotFoundException""],""response_status"":""NOT_FOUND"",""return_type"":""ModelAndView"",""source"":""controller-exception-handler"",""confidence"":""high""}]",,,,src/main/scala/ru/org/linux/gallery/DeleteImageController.scala,60,@RequestMapping(method = Array(RequestMethod.POST)),"@RequestMapping(Array(""/delete_image""))"
POST,/delip.jsp,/delip.jsp,,,,,DelIPController,delIp,scala,False,html-view,,"[{""value"":""text/html; charset=utf-8"",""source"":""WEB-INF/jsp/delip.jsp page directive"",""confidence"":""high""}]","[{""name"":""reason"",""parameter"":""reason"",""type"":""String"",""required"":true,""default"":null,""source"":""annotation"",""confidence"":""high""},{""name"":""ip"",""parameter"":""ip"",""type"":""String"",""required"":true,""default"":null,""source"":""annotation"",""confidence"":""high""},{""name"":""time"",""parameter"":""time"",""type"":""String"",""required"":true,""default"":null,""source"":""annotation"",""confidence"":""high""},{""name"":""ban_time"",""parameter"":""banTime"",""type"":""String"",""required"":false,""default"":null,""source"":""annotation"",""confidence"":""high""},{""name"":""ban_mode"",""parameter"":""banMode"",""type"":""String"",""required"":false,""default"":null,""source"":""annotation"",""confidence"":""high""}]",[],[],[],[],,,delip,src/main/scala/ru/org/linux/admin/DelIPController.scala,44,"@RequestMapping(value = Array(""/delip.jsp""), method = Array(RequestMethod.POST))",
"GET,HEAD",/deregister.jsp,/deregister.jsp,,,,,DeregisterController,show,scala,False,html-view,,"[{""value"":""text/html; charset=utf-8"",""source"":""WEB-INF/jsp/deregister.jsp page directive"",""confidence"":""high""}]",[],[],"[{""name"":""form"",""parameter"":""form"",""type"":""DeregisterRequest"",""fields"":[""acceptBlock"",""acceptOneway"",""password""],""source"":""annotation+bean-accessors"",""confidence"":""high""}]",[],[],"acceptBlock,acceptOneway,password",,deregister,src/main/scala/ru/org/linux/user/DeregisterController.scala,49,"@RequestMapping(value = Array(""/deregister.jsp""), method = Array(RequestMethod.GET, RequestMethod.HEAD))",
POST,/deregister.jsp,/deregister.jsp,,,,,DeregisterController,deregister,scala,False,html-view,,"[{""value"":""text/html;charset=UTF-8"",""source"":""WEB-INF/jsp/action-done.jsp page directive"",""confidence"":""high""},{""value"":""text/html; charset=utf-8"",""source"":""WEB-INF/jsp/deregister.jsp page directive"",""confidence"":""high""}]",[],[],"[{""name"":""form"",""parameter"":""form"",""type"":""DeregisterRequest"",""fields"":[""acceptBlock"",""acceptOneway"",""password""],""source"":""annotation+bean-accessors"",""confidence"":""high""}]",[],[],"acceptBlock,acceptOneway,password",,"action-done,deregister",src/main/scala/ru/org/linux/user/DeregisterController.scala,56,"@RequestMapping(value = Array(""/deregister.jsp""), method = Array(RequestMethod.POST))",
GET,/edit.jsp,/edit.jsp,,,,,EditTopicController,showEditForm,scala,False,html-view,,"[{""value"":""text/html; charset=utf-8"",""source"":""WEB-INF/jsp/edit.jsp page directive"",""confidence"":""high""}]","[{""name"":""msgid"",""parameter"":""msgid"",""type"":""Int"",""required"":true,""default"":null,""source"":""annotation"",""confidence"":""high""}]",[],"[{""name"":""form"",""parameter"":""form"",""type"":""EditTopicRequest"",""fields"":[""bonus"",""editorBonus"",""fromHistory"",""images"",""lastEdit"",""linktext"",""minor"",""msg"",""msgid"",""multiselect"",""newPoll"",""poll"",""tags"",""title"",""uploadedImages"",""url""],""source"":""annotation+bean-accessors"",""confidence"":""high""}]",[],[],"bonus,editorBonus,fromHistory,images,lastEdit,linktext,minor,msg,msgid,multiselect,newPoll,poll,tags,title,uploadedImages,url",,edit,src/main/scala/ru/org/linux/topic/EditTopicController.scala,90,"@RequestMapping(value = Array(""/edit.jsp""), method = Array(RequestMethod.GET))",
POST,/edit.jsp,/edit.jsp,,,,,EditTopicController,edit,scala,False,redirect-or-view,,"[{""value"":""text/html;charset=UTF-8"",""source"":""WEB-INF/jsp/add-done-moderated.jsp page directive"",""confidence"":""high""},{""value"":""text/html; charset=utf-8"",""source"":""WEB-INF/jsp/edit.jsp page directive"",""confidence"":""high""}]","[{""name"":""chgrp"",""parameter"":""changeGroupId"",""type"":""Integer"",""required"":false,""default"":null,""source"":""annotation"",""confidence"":""high""},{""name"":""title"",""parameter"":null,""type"":null,""required"":null,""default"":null,""source"":""direct-getParameter"",""confidence"":""medium""},{""name"":""preview"",""parameter"":null,""type"":null,""required"":null,""default"":null,""source"":""direct-getParameter"",""confidence"":""medium""},{""name"":""commit"",""parameter"":null,""type"":null,""required"":null,""default"":null,""source"":""direct-getParameter"",""confidence"":""medium""},{""name"":""publish"",""parameter"":null,""type"":null,""required"":null,""default"":null,""source"":""direct-getParameter"",""confidence"":""medium""}]",[],"[{""name"":""form"",""parameter"":""form"",""type"":""EditTopicRequest"",""fields"":[""bonus"",""editorBonus"",""fromHistory"",""images"",""lastEdit"",""linktext"",""minor"",""msg"",""msgid"",""multiselect"",""newPoll"",""poll"",""tags"",""title"",""uploadedImages"",""url""],""source"":""annotation+bean-accessors"",""confidence"":""high""}]",[],[],"bonus,editorBonus,fromHistory,images,lastEdit,linktext,minor,msg,msgid,multiselect,newPoll,poll,tags,title,uploadedImages,url",,"add-done-moderated,edit",src/main/scala/ru/org/linux/topic/EditTopicController.scala,233,"@RequestMapping(value = Array(""/edit.jsp""), method = Array(RequestMethod.POST))",
GET,/edit_comment,/edit_comment,,,,,EditCommentController,editCommentShowHandler,scala,False,redirect-or-view,,"[{""value"":""text/html; charset=utf-8"",""source"":""WEB-INF/jsp/edit_comment.jsp page directive"",""confidence"":""high""}]",[],[],"[{""name"":""add"",""parameter"":""commentRequest"",""type"":""CommentRequest"",""fields"":[""msg"",""nick"",""original"",""password"",""preview"",""replyto"",""topic""],""source"":""annotation+bean-accessors"",""confidence"":""high""}]",[],[],"msg,nick,original,password,preview,replyto,topic",,edit_comment,src/main/scala/ru/org/linux/comment/EditCommentController.scala,54,"@RequestMapping(value = Array(""/edit_comment""), method = Array(RequestMethod.GET))",
POST,/edit_comment,/edit_comment,,,,,EditCommentController,editCommentPostHandler,scala,False,redirect-or-view,,"[{""value"":""text/html; charset=utf-8"",""source"":""WEB-INF/jsp/edit_comment.jsp page directive"",""confidence"":""high""}]",[],[],"[{""name"":""add"",""parameter"":""commentRequest"",""type"":""CommentRequest"",""fields"":[""msg"",""nick"",""original"",""password"",""preview"",""replyto"",""topic""],""source"":""annotation+bean-accessors"",""confidence"":""high""}]",[],[],"msg,nick,original,password,preview,replyto,topic",,edit_comment,src/main/scala/ru/org/linux/comment/EditCommentController.scala,96,"@RequestMapping(value = Array(""/edit_comment""), method = Array(RequestMethod.POST))",
ANY,/errors/403,/errors/403,,,,,HttpErrorController,handle403,scala,False,unknown,,[],[],[],[],[],[],,,,src/main/scala/ru/org/linux/site/HttpErrorController.scala,25,"@RequestMapping(Array(""/errors/403""))",
ANY,/errors/404,/errors/404,,,,,HttpErrorController,handle404,scala,False,unknown,,[],[],[],[],[],[],,,,src/main/scala/ru/org/linux/site/HttpErrorController.scala,22,"@RequestMapping(Array(""/errors/404""))",
ANY,/forum,/forum,,,,,SectionController,forum,scala,False,html-view,,"[{""value"":""text/html; charset=utf-8"",""source"":""WEB-INF/jsp/forum.jsp page directive"",""confidence"":""high""}]",[],[],[],[],"[{""handler"":""handleNotFoundException"",""exceptions"":[""SectionNotFoundException""],""response_status"":""NOT_FOUND"",""return_type"":""Set[Int]"",""source"":""controller-exception-handler"",""confidence"":""high""}]",,,forum,src/main/scala/ru/org/linux/section/SectionController.scala,30,"@RequestMapping(path = Array(""/forum""))",
ANY,/forum/lenta,/forum/lenta,,,,,TopicListController,forum,scala,False,html-view,,[],"[{""name"":""offset"",""parameter"":""offset"",""type"":""Int"",""required"":false,""default"":""0"",""source"":""annotation"",""confidence"":""high""},{""name"":""filter"",""parameter"":""filter"",""type"":""String"",""required"":false,""default"":null,""source"":""annotation"",""confidence"":""high""}]",[],[],[],"[{""handler"":""handleNotFoundException"",""exceptions"":[""GroupNotFoundException"",""SectionNotFoundException""],""response_status"":""NOT_FOUND"",""return_type"":""ModelAndView"",""source"":""controller-exception-handler"",""confidence"":""high""}]",,"rssLink,url",,src/main/scala/ru/org/linux/topic/TopicListController.scala,185,"@RequestMapping(path = Array(""/forum/lenta""))",
ANY,/forum/{group},/forum/{group},,,,,GroupController,forum,scala,False,redirect-or-view,,"[{""value"":""text/html; charset=utf-8"",""source"":""WEB-INF/jsp/errors/code404.jsp page directive"",""confidence"":""high""}]","[{""name"":""offset"",""parameter"":""offset"",""type"":""Int"",""required"":false,""default"":""0"",""source"":""annotation"",""confidence"":""high""},{""name"":""false"",""parameter"":""lastmod"",""type"":""Boolean"",""required"":false,""default"":""false"",""source"":""annotation"",""confidence"":""high""},{""name"":""tag"",""parameter"":""tag"",""type"":""String"",""required"":false,""default"":null,""source"":""annotation"",""confidence"":""high""},{""name"":""false"",""parameter"":""showDeleted"",""type"":""Boolean"",""required"":false,""default"":""false"",""source"":""annotation"",""confidence"":""high""},{""name"":""showignored"",""parameter"":""showIgnored"",""type"":""Boolean"",""required"":false,""default"":""false"",""source"":""annotation"",""confidence"":""high""}]","[{""name"":""group"",""parameter"":""groupName"",""type"":""String"",""required"":true,""default"":null,""source"":""annotation"",""confidence"":""high""}]",[],[],"[{""handler"":""handleNotFoundException"",""exceptions"":[""GroupNotFoundException""],""response_status"":""NOT_FOUND"",""return_type"":null,""source"":""controller-exception-handler"",""confidence"":""high""}]",,,errors/code404,src/main/scala/ru/org/linux/group/GroupController.scala,104,"@RequestMapping(path = Array(""/forum/{group}""))",
ANY,/forum/{group}/archive,/forum/{group}/archive,,,,,ArchiveController,forumArchive,scala,False,html-view,,[],[],"[{""name"":""group"",""parameter"":""group"",""type"":""String"",""required"":true,""default"":null,""source"":""annotation"",""confidence"":""high""}]",[],[],"[{""handler"":""handleNotFoundException"",""exceptions"":[""GroupNotFoundException""],""response_status"":""NOT_FOUND"",""return_type"":null,""source"":""controller-exception-handler"",""confidence"":""high""}]",,,,src/main/scala/ru/org/linux/topic/ArchiveController.scala,88,"@RequestMapping(path = Array(""/forum/{group}/archive""))",
ANY,/forum/{group}/{id}/history,/forum/{group}/{id}/history,,,,,EditHistoryController,showEditInfo,scala,False,html-view,,"[{""value"":""text/html; charset=utf-8"",""source"":""WEB-INF/jsp/history.jsp page directive"",""confidence"":""high""}]",[],"[{""name"":""id"",""parameter"":""msgid"",""type"":""Int"",""required"":true,""default"":null,""source"":""annotation"",""confidence"":""high""}]",[],[],[],,,history,src/main/scala/ru/org/linux/edithistory/EditHistoryController.scala,35,"@RequestMapping(Array(""/news/{group}/{id}/history"", ""/forum/{group}/{id}/history"", ""/gallery/{group}/{id}/history"", ""/polls/{group}/{id}/history"", ""/articles/{group}/{id}/history""))",
ANY,/forum/{group}/{id}/{commentid}/history,/forum/{group}/{id}/{commentid}/history,,,,,EditHistoryController,showCommentEditInfo,scala,False,html-view,,"[{""value"":""text/html; charset=utf-8"",""source"":""WEB-INF/jsp/history.jsp page directive"",""confidence"":""high""}]",[],"[{""name"":""id"",""parameter"":""msgid"",""type"":""Int"",""required"":true,""default"":null,""source"":""annotation"",""confidence"":""high""},{""name"":""commentid"",""parameter"":""commentId"",""type"":""Int"",""required"":true,""default"":null,""source"":""annotation"",""confidence"":""high""}]",[],[],[],,,history,src/main/scala/ru/org/linux/edithistory/EditHistoryController.scala,60,"@RequestMapping(Array(""/news/{group}/{id}/{commentid}/history"", ""/forum/{group}/{id}/{commentid}/history"", ""/gallery/{group}/{id}/{commentid}/history"", ""/polls/{group}/{id}/{commentid}/history"", ""/articles/{group}/{id}/{commentid}/history""))",
ANY,/forum/{group}/{year}/{month},/forum/{group}/{year:\\d{4}}/{month:\\d+},,,,,GroupController,forumArchive,scala,False,html-view,,[],"[{""name"":""offset"",""parameter"":""offset"",""type"":""Int"",""required"":false,""default"":""0"",""source"":""annotation"",""confidence"":""high""},{""name"":""showignored"",""parameter"":""showIgnored"",""type"":""Boolean"",""required"":false,""default"":""false"",""source"":""annotation"",""confidence"":""high""}]","[{""name"":""group"",""parameter"":""groupName"",""type"":""String"",""required"":true,""default"":null,""source"":""annotation"",""confidence"":""high""},{""name"":""year"",""parameter"":""year"",""type"":""Int"",""required"":true,""default"":null,""source"":""annotation"",""confidence"":""high""},{""name"":""month"",""parameter"":""month"",""type"":""Int"",""required"":true,""default"":null,""source"":""annotation"",""confidence"":""high""}]",[],[],"[{""handler"":""handleNotFoundException"",""exceptions"":[""GroupNotFoundException""],""response_status"":""NOT_FOUND"",""return_type"":null,""source"":""controller-exception-handler"",""confidence"":""high""}]",,,,src/main/scala/ru/org/linux/group/GroupController.scala,71,"@RequestMapping(path = Array(""/forum/{group}/{year:\\d{4}}/{month:\\d+}""))",
ANY,/gallery.boxlet,/gallery.boxlet,,,,,GalleryBoxlet,getData,java,False,html-view,,"[{""value"":""text/html;charset=UTF-8"",""source"":""WEB-INF/jsp/boxlets/gallery.jsp page directive"",""confidence"":""high""}]",[],[],[],[],[],,items,boxlets/gallery,src/main/java/ru/org/linux/gallery/GalleryBoxlet.java,38,"@RequestMapping(""/gallery.boxlet"")",
ANY,/gallery/archive,/gallery/archive,,,,,ArchiveController,galleryArchive,scala,False,html-view,,[],[],[],[],[],"[{""handler"":""handleNotFoundException"",""exceptions"":[""GroupNotFoundException""],""response_status"":""NOT_FOUND"",""return_type"":null,""source"":""controller-exception-handler"",""confidence"":""high""}]",,,,src/main/scala/ru/org/linux/topic/ArchiveController.scala,76,"@RequestMapping(path = Array(""/gallery/archive""))",
ANY,/gallery/{group}/{id}/history,/gallery/{group}/{id}/history,,,,,EditHistoryController,showEditInfo,scala,False,html-view,,"[{""value"":""text/html; charset=utf-8"",""source"":""WEB-INF/jsp/history.jsp page directive"",""confidence"":""high""}]",[],"[{""name"":""id"",""parameter"":""msgid"",""type"":""Int"",""required"":true,""default"":null,""source"":""annotation"",""confidence"":""high""}]",[],[],[],,,history,src/main/scala/ru/org/linux/edithistory/EditHistoryController.scala,35,"@RequestMapping(Array(""/news/{group}/{id}/history"", ""/forum/{group}/{id}/history"", ""/gallery/{group}/{id}/history"", ""/polls/{group}/{id}/history"", ""/articles/{group}/{id}/history""))",
ANY,/gallery/{group}/{id}/{commentid}/history,/gallery/{group}/{id}/{commentid}/history,,,,,EditHistoryController,showCommentEditInfo,scala,False,html-view,,"[{""value"":""text/html; charset=utf-8"",""source"":""WEB-INF/jsp/history.jsp page directive"",""confidence"":""high""}]",[],"[{""name"":""id"",""parameter"":""msgid"",""type"":""Int"",""required"":true,""default"":null,""source"":""annotation"",""confidence"":""high""},{""name"":""commentid"",""parameter"":""commentId"",""type"":""Int"",""required"":true,""default"":null,""source"":""annotation"",""confidence"":""high""}]",[],[],[],,,history,src/main/scala/ru/org/linux/edithistory/EditHistoryController.scala,60,"@RequestMapping(Array(""/news/{group}/{id}/{commentid}/history"", ""/forum/{group}/{id}/{commentid}/history"", ""/gallery/{group}/{id}/{commentid}/history"", ""/polls/{group}/{id}/{commentid}/history"", ""/articles/{group}/{id}/{commentid}/history""))",
ANY,/group-lastmod.jsp,/group-lastmod.jsp,,,,,GroupController,topicsLastmod,scala,False,redirect-or-view,,[],"[{""name"":""group"",""parameter"":""groupId"",""type"":""Int"",""required"":true,""default"":null,""source"":""annotation"",""confidence"":""high""},{""name"":""offset"",""parameter"":""offsetObject"",""type"":""Integer"",""required"":false,""default"":null,""source"":""annotation"",""confidence"":""high""}]",[],[],[],"[{""handler"":""handleNotFoundException"",""exceptions"":[""GroupNotFoundException""],""response_status"":""NOT_FOUND"",""return_type"":null,""source"":""controller-exception-handler"",""confidence"":""high""}]",,,,src/main/scala/ru/org/linux/group/GroupController.scala,59,"@RequestMapping(path = Array(""/group-lastmod.jsp""))",
ANY,/group.jsp,/group.jsp,,,,,GroupController,topics,scala,False,redirect-or-view,,[],"[{""name"":""group"",""parameter"":""groupId"",""type"":""Int"",""required"":true,""default"":null,""source"":""annotation"",""confidence"":""high""},{""name"":""offset"",""parameter"":""offsetObject"",""type"":""Integer"",""required"":false,""default"":null,""source"":""annotation"",""confidence"":""high""}]",[],[],[],"[{""handler"":""handleNotFoundException"",""exceptions"":[""GroupNotFoundException""],""response_status"":""NOT_FOUND"",""return_type"":null,""source"":""controller-exception-handler"",""confidence"":""high""}]",,,,src/main/scala/ru/org/linux/group/GroupController.scala,47,"@RequestMapping(path = Array(""/group.jsp""))",
GET,/groupmod.jsp,/groupmod.jsp,,,,,GroupModificationController,showForm,scala,False,html-view,,"[{""value"":""text/html;charset=UTF-8"",""source"":""WEB-INF/jsp/groupmod.jsp page directive"",""confidence"":""high""}]","[{""name"":""group"",""parameter"":""id"",""type"":""Int"",""required"":true,""default"":null,""source"":""annotation"",""confidence"":""high""}]",[],[],[],[],,,groupmod,src/main/scala/ru/org/linux/group/GroupModificationController.scala,30,"@RequestMapping(value = Array(""/groupmod.jsp""), method = Array(RequestMethod.GET))",
POST,/groupmod.jsp,/groupmod.jsp,,,,,GroupModificationController,modifyGroup,scala,False,html-view,,"[{""value"":""text/html;charset=UTF-8"",""source"":""WEB-INF/jsp/action-done.jsp page directive"",""confidence"":""high""},{""value"":""text/html;charset=UTF-8"",""source"":""WEB-INF/jsp/groupmod.jsp page directive"",""confidence"":""high""}]","[{""name"":""group"",""parameter"":""id"",""type"":""Int"",""required"":true,""default"":null,""source"":""annotation"",""confidence"":""high""},{""name"":""title"",""parameter"":""title"",""type"":""String"",""required"":true,""default"":null,""source"":""annotation"",""confidence"":""high""},{""name"":""info"",""parameter"":""info"",""type"":""String"",""required"":true,""default"":null,""source"":""annotation"",""confidence"":""high""},{""name"":""urlName"",""parameter"":""urlName"",""type"":""String"",""required"":true,""default"":null,""source"":""annotation"",""confidence"":""high""},{""name"":""longinfo"",""parameter"":""longInfo"",""type"":""String"",""required"":true,""default"":null,""source"":""annotation"",""confidence"":""high""},{""name"":""preview"",""parameter"":""preview"",""type"":""String"",""required"":false,""default"":null,""source"":""annotation"",""confidence"":""high""},{""name"":""resolvable"",""parameter"":""resolvable"",""type"":""String"",""required"":false,""default"":null,""source"":""annotation"",""confidence"":""high""}]",[],[],[],[],,,"action-done,groupmod",src/main/scala/ru/org/linux/group/GroupModificationController.scala,44,"@RequestMapping(value = Array(""/groupmod.jsp""), method = Array(RequestMethod.POST))",
ANY,/help/{page},/help/{page},,,,,HelpController,helpPage,scala,False,html-view,,"[{""value"":""text/html;charset=UTF-8"",""source"":""WEB-INF/jsp/help.jsp page directive"",""confidence"":""high""}]",[],"[{""name"":""page"",""parameter"":""page"",""type"":""String"",""required"":true,""default"":null,""source"":""annotation"",""confidence"":""high""}]",[],[],"[{""handler"":""handleNotFoundException"",""exceptions"":[""HelpPageNotFoundException""],""response_status"":""NOT_FOUND"",""return_type"":""Map[String, String]"",""source"":""controller-exception-handler"",""confidence"":""high""}]",,,help,src/main/scala/ru/org/linux/help/HelpController.scala,34,"@RequestMapping(path = Array(""/help/{page}""))",
ANY,/index.jsp,/index.jsp,,,,,MainPageController,mainPage,scala,False,html-view,,"[{""value"":""text/html; charset=utf-8"",""source"":""WEB-INF/jsp/index.jsp page directive"",""confidence"":""high""}]",[],[],[],[],[],,,index,src/main/scala/ru/org/linux/spring/MainPageController.scala,40,"@RequestMapping(path = Array(""/"", ""/index.jsp""))",
"GET,HEAD",/jump-message.jsp,/jump-message.jsp,,,,,TopicController,jumpMessage,scala,False,redirect-or-view,,[],"[{""name"":""msgid"",""parameter"":""msgid"",""type"":""Int"",""required"":true,""default"":null,""source"":""annotation"",""confidence"":""high""},{""name"":""page"",""parameter"":""page"",""type"":""Integer"",""required"":false,""default"":null,""source"":""annotation"",""confidence"":""high""},{""name"":""cid"",""parameter"":""cid"",""type"":""Integer"",""required"":false,""default"":null,""source"":""annotation"",""confidence"":""high""}]",[],[],[],"[{""handler"":""handleMessageNotFoundException"",""exceptions"":[""MessageNotFoundException""],""response_status"":""NOT_FOUND"",""return_type"":""ModelAndView"",""source"":""controller-exception-handler"",""confidence"":""high""}]",,,,src/main/scala/ru/org/linux/topic/TopicController.scala,450,"@RequestMapping(value = Array(""/jump-message.jsp""), method = Array(RequestMethod.GET, RequestMethod.HEAD))",
"GET,HEAD",/login.jsp,/login.jsp,,,,,LoginController,loginForm,scala,False,redirect-or-view,,"[{""value"":""text/html;charset=UTF-8"",""source"":""WEB-INF/jsp/login-form.jsp page directive"",""confidence"":""high""}]","[{""name"":""from"",""parameter"":""from"",""type"":""String"",""required"":false,""default"":null,""source"":""annotation"",""confidence"":""high""}]",[],[],[],[],,,login-form,src/main/scala/ru/org/linux/auth/LoginController.scala,131,"@RequestMapping(value = Array(""/login.jsp""), method = Array(RequestMethod.GET, RequestMethod.HEAD))",
POST,/login_process,/login_process,,,,,LoginController,loginProcess,scala,False,redirect-or-view,,[],[],[],"[{""name"":""loginForm"",""parameter"":""form"",""type"":""LoginForm"",""fields"":[""nick"",""passwd"",""redirectUrl""],""source"":""annotation+bean-accessors"",""confidence"":""high""}]",[],[],"nick,passwd,redirectUrl",,,src/main/scala/ru/org/linux/auth/LoginController.scala,54,"@RequestMapping(value = Array(""/login_process""), method = Array(RequestMethod.POST))",
POST,/logout,/logout,,,,,LoginController,logout,scala,False,redirect-or-view,,[],[],[],[],[],[],,,,src/main/scala/ru/org/linux/auth/LoginController.scala,107,"@RequestMapping(value = Array(""/logout""), method = Array(RequestMethod.POST))",
GET,/logout,/logout,,,,,LoginController,logoutLink,scala,False,redirect-or-view,,[],[],[],[],[],[],,,,src/main/scala/ru/org/linux/auth/LoginController.scala,124,"@RequestMapping(value = Array(""/logout"", ""/logout_all_sessions""), method = Array(RequestMethod.GET))",
POST,/logout_all_sessions,/logout_all_sessions,,,,,LoginController,logoutAllDevices,scala,False,html-view,,[],[],[],[],[],[],,,,src/main/scala/ru/org/linux/auth/LoginController.scala,118,"@RequestMapping(value = Array(""/logout_all_sessions""), method = Array(RequestMethod.POST))",
GET,/logout_all_sessions,/logout_all_sessions,,,,,LoginController,logoutLink,scala,False,redirect-or-view,,[],[],[],[],[],[],,,,src/main/scala/ru/org/linux/auth/LoginController.scala,124,"@RequestMapping(value = Array(""/logout"", ""/logout_all_sessions""), method = Array(RequestMethod.GET))",
GET,/lostpwd.jsp,/lostpwd.jsp,,,,,LostPasswordController,showForm,scala,False,html-view,,"[{""value"":""text/html; charset=utf-8"",""source"":""WEB-INF/jsp/lostpwd-form.jsp page directive"",""confidence"":""high""}]",[],[],"[{""name"":""form"",""parameter"":""form"",""type"":""LostPasswordRequest"",""fields"":[""email""],""source"":""annotation+bean-accessors"",""confidence"":""high""}]",[],[],email,,lostpwd-form,src/main/scala/ru/org/linux/user/LostPasswordController.scala,42,@RequestMapping(method = Array(RequestMethod.GET)),"@RequestMapping(Array(""/lostpwd.jsp""))"
POST,/lostpwd.jsp,/lostpwd.jsp,,,,,LostPasswordController,sendPassword,scala,False,html-view,,"[{""value"":""text/html;charset=UTF-8"",""source"":""WEB-INF/jsp/action-done.jsp page directive"",""confidence"":""high""}]",[],[],"[{""name"":""form"",""parameter"":""form"",""type"":""LostPasswordRequest"",""fields"":[""email""],""source"":""annotation+bean-accessors"",""confidence"":""high""}]",[],[],email,,action-done,src/main/scala/ru/org/linux/user/LostPasswordController.scala,47,@RequestMapping(method = Array(RequestMethod.POST)),"@RequestMapping(Array(""/lostpwd.jsp""))"
POST,/markup/preview,/markup/preview,,,,application/json; charset=UTF-8,MarkupPreviewController,preview,scala,True,json,,"[{""value"":""application/json; charset=UTF-8"",""source"":""RequestMapping.produces"",""confidence"":""high""}]","[{""name"":""text"",""parameter"":""text"",""type"":""String"",""required"":false,""default"":null,""source"":""annotation"",""confidence"":""high""},{""name"":""markup"",""parameter"":""markupFormId"",""type"":""String"",""required"":false,""default"":null,""source"":""annotation"",""confidence"":""high""}]",[],[],[],[],,,,src/main/scala/ru/org/linux/markup/MarkupPreviewController.scala,34,"@RequestMapping(path = Array(""/preview""), method = Array(RequestMethod.POST), produces = Array(""application/json; charset=UTF-8""))","@RequestMapping(path = Array(""/markup""))"
POST,/memories.jsp,/memories.jsp,add,,,,MemoriesController,add,scala,True,json,,"[{""value"":""application/json"",""source"":""@ResponseBody Json + configured message converter"",""confidence"":""medium""}]","[{""name"":""msgid"",""parameter"":""msgid"",""type"":""Int"",""required"":true,""default"":null,""source"":""annotation"",""confidence"":""high""},{""name"":""watch"",""parameter"":""watch"",""type"":""Boolean"",""required"":true,""default"":null,""source"":""annotation"",""confidence"":""high""}]",[],[],[],[],,,,src/main/scala/ru/org/linux/user/MemoriesController.scala,28,"@RequestMapping(value = Array(""/memories.jsp""), params = Array(""add""), method = Array(RequestMethod.POST))",
POST,/memories.jsp,/memories.jsp,remove,,,,MemoriesController,remove,scala,True,json,,"[{""value"":""application/json"",""source"":""@ResponseBody Json + configured message converter"",""confidence"":""medium""}]","[{""name"":""id"",""parameter"":""id"",""type"":""Int"",""required"":true,""default"":null,""source"":""annotation"",""confidence"":""high""}]",[],[],[],[],,,,src/main/scala/ru/org/linux/user/MemoriesController.scala,50,"@RequestMapping(value = Array(""/memories.jsp""), params = Array(""remove""), method = Array(RequestMethod.POST))",
POST,/mt.jsp,/mt.jsp,,,,,TopicModificationController,moveTopic,scala,False,redirect,,[],"[{""name"":""msgid"",""parameter"":""msgid"",""type"":""Int"",""required"":true,""default"":null,""source"":""annotation"",""confidence"":""high""},{""name"":""moveto"",""parameter"":""newgr"",""type"":""Int"",""required"":true,""default"":null,""source"":""annotation"",""confidence"":""high""}]",[],[],[],[],,,,src/main/scala/ru/org/linux/topic/TopicModificationController.scala,99,"@RequestMapping(value = Array(""/mt.jsp""), method = Array(RequestMethod.POST))",
GET,/mt.jsp,/mt.jsp,,,,,TopicModificationController,moveToForumForm,scala,False,html-view,,"[{""value"":""text/html; charset=utf-8"",""source"":""WEB-INF/jsp/mtn.jsp page directive"",""confidence"":""high""}]","[{""name"":""msgid"",""parameter"":""msgid"",""type"":""Int"",""required"":true,""default"":null,""source"":""annotation"",""confidence"":""high""}]",[],[],[],[],,,mtn,src/main/scala/ru/org/linux/topic/TopicModificationController.scala,119,"@RequestMapping(value = Array(""/mt.jsp""), method = Array(RequestMethod.GET))",
GET,/mtn.jsp,/mtn.jsp,,,,,TopicModificationController,movePremoderatedForm,scala,False,html-view,,"[{""value"":""text/html; charset=utf-8"",""source"":""WEB-INF/jsp/mtn.jsp page directive"",""confidence"":""high""}]","[{""name"":""msgid"",""parameter"":""msgid"",""type"":""Int"",""required"":true,""default"":null,""source"":""annotation"",""confidence"":""high""}]",[],[],[],[],,,mtn,src/main/scala/ru/org/linux/topic/TopicModificationController.scala,134,"@RequestMapping(value = Array(""/mtn.jsp""), method = Array(RequestMethod.GET))",
ANY,/news/archive,/news/archive,,,,,ArchiveController,newsArchive,scala,False,html-view,,[],[],[],[],[],"[{""handler"":""handleNotFoundException"",""exceptions"":[""GroupNotFoundException""],""response_status"":""NOT_FOUND"",""return_type"":null,""source"":""controller-exception-handler"",""confidence"":""high""}]",,,,src/main/scala/ru/org/linux/topic/ArchiveController.scala,79,"@RequestMapping(path = Array(""/news/archive""))",
ANY,/news/{group}/{id}/history,/news/{group}/{id}/history,,,,,EditHistoryController,showEditInfo,scala,False,html-view,,"[{""value"":""text/html; charset=utf-8"",""source"":""WEB-INF/jsp/history.jsp page directive"",""confidence"":""high""}]",[],"[{""name"":""id"",""parameter"":""msgid"",""type"":""Int"",""required"":true,""default"":null,""source"":""annotation"",""confidence"":""high""}]",[],[],[],,,history,src/main/scala/ru/org/linux/edithistory/EditHistoryController.scala,35,"@RequestMapping(Array(""/news/{group}/{id}/history"", ""/forum/{group}/{id}/history"", ""/gallery/{group}/{id}/history"", ""/polls/{group}/{id}/history"", ""/articles/{group}/{id}/history""))",
ANY,/news/{group}/{id}/{commentid}/history,/news/{group}/{id}/{commentid}/history,,,,,EditHistoryController,showCommentEditInfo,scala,False,html-view,,"[{""value"":""text/html; charset=utf-8"",""source"":""WEB-INF/jsp/history.jsp page directive"",""confidence"":""high""}]",[],"[{""name"":""id"",""parameter"":""msgid"",""type"":""Int"",""required"":true,""default"":null,""source"":""annotation"",""confidence"":""high""},{""name"":""commentid"",""parameter"":""commentId"",""type"":""Int"",""required"":true,""default"":null,""source"":""annotation"",""confidence"":""high""}]",[],[],[],,,history,src/main/scala/ru/org/linux/edithistory/EditHistoryController.scala,60,"@RequestMapping(Array(""/news/{group}/{id}/{commentid}/history"", ""/forum/{group}/{id}/{commentid}/history"", ""/gallery/{group}/{id}/{commentid}/history"", ""/polls/{group}/{id}/{commentid}/history"", ""/articles/{group}/{id}/{commentid}/history""))",
POST,/notifications,/notifications,,,,,UserEventController,resetNotifications,scala,False,redirect,,[],"[{""name"":""topId"",""parameter"":""topId"",""type"":""Int"",""required"":true,""default"":null,""source"":""annotation"",""confidence"":""high""}]",[],[],[],"[{""handler"":""handleUserNotFound"",""exceptions"":[""UserNotFoundException""],""response_status"":""NOT_FOUND"",""return_type"":""ModelAndView"",""source"":""controller-exception-handler"",""confidence"":""high""}]",,,,src/main/scala/ru/org/linux/user/UserEventController.scala,58,"@RequestMapping(value = Array(""/notifications""), method = Array(RequestMethod.POST))",
"GET,HEAD",/notifications,/notifications,,,,,UserEventController,showNotifications,scala,False,html-view,,"[{""value"":""text/html; charset=utf-8"",""source"":""WEB-INF/jsp/show-replies.jsp page directive"",""confidence"":""high""},{""value"":""text/html; charset=utf-8"",""source"":""WEB-INF/jsp/show-replies-new.jsp page directive"",""confidence"":""high""}]","[{""name"":""filter"",""parameter"":""filter"",""type"":""String"",""required"":false,""default"":""all"",""source"":""annotation"",""confidence"":""high""},{""name"":""offset"",""parameter"":""offsetRaw"",""type"":""Int"",""required"":false,""default"":""0"",""source"":""annotation"",""confidence"":""high""}]",[],[],[],"[{""handler"":""handleUserNotFound"",""exceptions"":[""UserNotFoundException""],""response_status"":""NOT_FOUND"",""return_type"":""ModelAndView"",""source"":""controller-exception-handler"",""confidence"":""high""}]",,,"show-replies,show-replies-new",src/main/scala/ru/org/linux/user/UserEventController.scala,126,"@RequestMapping(value = Array(""/notifications""), method = Array(RequestMethod.GET, RequestMethod.HEAD))",
POST,/notifications-click,/notifications-click,,,,,UserEventController,clickNotifications,scala,False,redirect,,[],"[{""name"":""firstId"",""parameter"":""firstId"",""type"":""Int"",""required"":true,""default"":null,""source"":""annotation"",""confidence"":""high""},{""name"":""lastId"",""parameter"":""lastId"",""type"":""Int"",""required"":true,""default"":null,""source"":""annotation"",""confidence"":""high""}]",[],[],[],"[{""handler"":""handleUserNotFound"",""exceptions"":[""UserNotFoundException""],""response_status"":""NOT_FOUND"",""return_type"":""ModelAndView"",""source"":""controller-exception-handler"",""confidence"":""high""}]",,,,src/main/scala/ru/org/linux/user/UserEventController.scala,68,"@RequestMapping(value = Array(""/notifications-click""), method = Array(RequestMethod.POST))",
POST,/notifications-click/ajax,/notifications-click/ajax,,,,application/json,UserEventController,clickNotificationsAjax,scala,True,json,,"[{""value"":""application/json"",""source"":""RequestMapping.produces"",""confidence"":""high""}]","[{""name"":""firstId"",""parameter"":""firstId"",""type"":""Int"",""required"":true,""default"":null,""source"":""annotation"",""confidence"":""high""},{""name"":""lastId"",""parameter"":""lastId"",""type"":""Int"",""required"":true,""default"":null,""source"":""annotation"",""confidence"":""high""}]",[],[],[],"[{""handler"":""handleUserNotFound"",""exceptions"":[""UserNotFoundException""],""response_status"":""NOT_FOUND"",""return_type"":""ModelAndView"",""source"":""controller-exception-handler"",""confidence"":""high""}]",,,,src/main/scala/ru/org/linux/user/UserEventController.scala,76,"@RequestMapping(value = Array(""/notifications-click/ajax""), method = Array(RequestMethod.POST), produces = Array(""application/json""))",
GET,/notifications-count,/notifications-count,,,,,UserEventApiController,getEventsCount,scala,True,json,,"[{""value"":""application/json"",""source"":""@ResponseBody Json + configured message converter"",""confidence"":""medium""}]",[],[],[],[],[],,,,src/main/scala/ru/org/linux/user/UserEventApiController.scala,31,"@RequestMapping(value = Array(""/notifications-count""), method = Array(RequestMethod.GET))",
POST,/notifications-reset,/notifications-reset,,,,,UserEventApiController,resetNotifications,scala,True,json,,"[{""value"":""application/json"",""source"":""@ResponseBody Json + configured message converter"",""confidence"":""medium""}]","[{""name"":""topId"",""parameter"":""topId"",""type"":""Int"",""required"":true,""default"":null,""source"":""annotation"",""confidence"":""high""}]",[],[],[],[],,,,src/main/scala/ru/org/linux/user/UserEventApiController.scala,37,"@RequestMapping(value = Array(""/notifications-reset""), method = Array(RequestMethod.POST))",
ANY,/people/{nick},/people/{nick},output=rss,,,,UserTopicListController,showUserTopicsRssGone,scala,False,html-view,GONE,"[{""value"":""text/html; charset=utf-8"",""source"":""WEB-INF/jsp/errors/code410.jsp page directive"",""confidence"":""high""}]",[],[],[],[],"[{""handler"":""handleNotFoundException"",""exceptions"":[""UserNotFoundException"",""SectionNotFoundException""],""response_status"":""NOT_FOUND"",""return_type"":null,""source"":""controller-exception-handler"",""confidence"":""high""}]",,,errors/code410,src/main/scala/ru/org/linux/topic/UserTopicListController.scala,84,"@RequestMapping(params = Array(""output=rss""))","@RequestMapping(path = Array(""/people/{nick}""))"
ANY,/people/{nick},/people/{nick},,,,,UserTopicListController,showUserTopics,scala,False,html-view,,"[{""value"":""text/html; charset=utf-8"",""source"":""WEB-INF/jsp/errors/code404.jsp page directive"",""confidence"":""high""},{""value"":""text/html; charset=utf-8"",""source"":""WEB-INF/jsp/user-topics.jsp page directive"",""confidence"":""high""}]","[{""name"":""offset"",""parameter"":""rawOffset"",""type"":""Int"",""required"":false,""default"":""0"",""source"":""annotation"",""confidence"":""high""},{""name"":""section"",""parameter"":""sectionId"",""type"":""Int"",""required"":false,""default"":""0"",""source"":""annotation"",""confidence"":""high""}]","[{""name"":""nick"",""parameter"":""nick"",""type"":""String"",""required"":true,""default"":null,""source"":""annotation"",""confidence"":""high""}]",[],[],"[{""handler"":""handleNotFoundException"",""exceptions"":[""UserNotFoundException"",""SectionNotFoundException""],""response_status"":""NOT_FOUND"",""return_type"":null,""source"":""controller-exception-handler"",""confidence"":""high""}]",,"meLink,navtitle,nick,offset,params,ptitle,section,sectionList,showSearch,url","errors/code404,user-topics",src/main/scala/ru/org/linux/topic/UserTopicListController.scala,88,@RequestMapping,"@RequestMapping(path = Array(""/people/{nick}""))"
ANY,/people/{nick}/deleted-comments,/people/{nick}/deleted-comments,,,,,ShowCommentsController,showDeletedComments,scala,False,html-view,,"[{""value"":""text/html; charset=utf-8"",""source"":""WEB-INF/jsp/deleted-comments.jsp page directive"",""confidence"":""high""}]","[{""name"":""filter"",""parameter"":""filterAction"",""type"":""String"",""required"":false,""default"":""all"",""source"":""annotation"",""confidence"":""high""},{""name"":""offset"",""parameter"":""offset"",""type"":""Int"",""required"":false,""default"":""0"",""source"":""annotation"",""confidence"":""high""}]","[{""name"":""nick"",""parameter"":""nick"",""type"":""String"",""required"":true,""default"":null,""source"":""annotation"",""confidence"":""high""}]",[],"[{""name"":""filters"",""provider"":""getFilters"",""return_type"":""java.util.List[DeletedCommentsFilterEnum]"",""source"":""controller-model-provider"",""confidence"":""high""}]","[{""handler"":""handleUserNotFound"",""exceptions"":[""UserNotFoundException""],""response_status"":""NOT_FOUND"",""return_type"":""ModelAndView"",""source"":""controller-exception-handler"",""confidence"":""high""}]",,,deleted-comments,src/main/scala/ru/org/linux/comment/ShowCommentsController.scala,61,"@RequestMapping(value = Array(""/people/{nick}/deleted-comments""))",
GET,/people/{nick}/deleted-topics,/people/{nick}/deleted-topics,,,,,UserTopicListController,showDeletedTopics,scala,False,html-view,,"[{""value"":""text/html; charset=utf-8"",""source"":""WEB-INF/jsp/deleted-topics.jsp page directive"",""confidence"":""high""}]",[],"[{""name"":""nick"",""parameter"":""nick"",""type"":""String"",""required"":true,""default"":null,""source"":""annotation"",""confidence"":""high""}]",[],[],"[{""handler"":""handleNotFoundException"",""exceptions"":[""UserNotFoundException"",""SectionNotFoundException""],""response_status"":""NOT_FOUND"",""return_type"":null,""source"":""controller-exception-handler"",""confidence"":""high""}]",,,deleted-topics,src/main/scala/ru/org/linux/topic/UserTopicListController.scala,143,"@RequestMapping(value = Array(""deleted-topics""), method = Array(RequestMethod.GET))","@RequestMapping(path = Array(""/people/{nick}""))"
ANY,/people/{nick}/drafts,/people/{nick}/drafts,,,,,UserTopicListController,showUserDrafts,scala,False,html-view,,"[{""value"":""text/html; charset=utf-8"",""source"":""WEB-INF/jsp/user-topics.jsp page directive"",""confidence"":""high""}]","[{""name"":""offset"",""parameter"":""rawOffset"",""type"":""Int"",""required"":false,""default"":""0"",""source"":""annotation"",""confidence"":""high""}]","[{""name"":""nick"",""parameter"":""nick"",""type"":""String"",""required"":true,""default"":null,""source"":""annotation"",""confidence"":""high""}]",[],[],"[{""handler"":""handleNotFoundException"",""exceptions"":[""UserNotFoundException"",""SectionNotFoundException""],""response_status"":""NOT_FOUND"",""return_type"":null,""source"":""controller-exception-handler"",""confidence"":""high""}]",,"navtitle,offset,ptitle,url",user-topics,src/main/scala/ru/org/linux/topic/UserTopicListController.scala,59,"@RequestMapping(value = Array(""drafts""))","@RequestMapping(path = Array(""/people/{nick}""))"
GET,/people/{nick}/edit,/people/{nick}/edit,,,,,EditProfileController,show,scala,False,html-view,,"[{""value"":""text/html; charset=utf-8"",""source"":""WEB-INF/jsp/edit-profile.jsp page directive"",""confidence"":""high""}]",[],"[{""name"":""nick"",""parameter"":""nick"",""type"":""String"",""required"":true,""default"":null,""source"":""annotation"",""confidence"":""high""}]","[{""name"":""form"",""parameter"":""form"",""type"":""EditProfileRequest"",""fields"":[""email"",""info"",""infoMarkup"",""name"",""nick"",""oldpass"",""password"",""password2"",""town"",""url""],""source"":""annotation+bean-accessors"",""confidence"":""high""}]",[],[],"email,info,infoMarkup,name,nick,oldpass,password,password2,town,url",,edit-profile,src/main/scala/ru/org/linux/user/EditProfileController.scala,58,@RequestMapping(method = Array(RequestMethod.GET)),"@RequestMapping(Array(""/people/{nick}/edit""))"
POST,/people/{nick}/edit,/people/{nick}/edit,,,,,EditProfileController,edit,scala,False,redirect-or-view,,"[{""value"":""text/html;charset=UTF-8"",""source"":""WEB-INF/jsp/action-done.jsp page directive"",""confidence"":""high""},{""value"":""text/html; charset=utf-8"",""source"":""WEB-INF/jsp/edit-profile.jsp page directive"",""confidence"":""high""}]",[],"[{""name"":""nick"",""parameter"":""nick"",""type"":""String"",""required"":true,""default"":null,""source"":""annotation"",""confidence"":""high""}]","[{""name"":""form"",""parameter"":""form"",""type"":""EditProfileRequest"",""fields"":[""email"",""info"",""infoMarkup"",""name"",""nick"",""oldpass"",""password"",""password2"",""town"",""url""],""source"":""annotation+bean-accessors"",""confidence"":""high""}]",[],[],"email,info,infoMarkup,name,nick,oldpass,password,password2,town,url",,"action-done,edit-profile",src/main/scala/ru/org/linux/user/EditProfileController.scala,102,@RequestMapping(method = Array(RequestMethod.POST)),"@RequestMapping(Array(""/people/{nick}/edit""))"
ANY,/people/{nick}/favs,/people/{nick}/favs,,,,,UserTopicListController,showUserFavs,scala,False,html-view,,"[{""value"":""text/html; charset=utf-8"",""source"":""WEB-INF/jsp/user-topics.jsp page directive"",""confidence"":""high""}]","[{""name"":""offset"",""parameter"":""rawOffset"",""type"":""Int"",""required"":false,""default"":""0"",""source"":""annotation"",""confidence"":""high""}]","[{""name"":""nick"",""parameter"":""nick"",""type"":""String"",""required"":true,""default"":null,""source"":""annotation"",""confidence"":""high""}]",[],[],"[{""handler"":""handleNotFoundException"",""exceptions"":[""UserNotFoundException"",""SectionNotFoundException""],""response_status"":""NOT_FOUND"",""return_type"":null,""source"":""controller-exception-handler"",""confidence"":""high""}]",,"navtitle,offset,ptitle,url",user-topics,src/main/scala/ru/org/linux/topic/UserTopicListController.scala,37,"@RequestMapping(value = Array(""favs""))","@RequestMapping(path = Array(""/people/{nick}""))"
"GET,HEAD",/people/{nick}/profile,/people/{nick}/profile,reset-password,,,,ResetPasswordController,showModeratorForm,scala,False,html-view,,"[{""value"":""text/html; charset=utf-8"",""source"":""WEB-INF/jsp/confirm-password-reset.jsp page directive"",""confidence"":""high""}]",[],"[{""name"":""nick"",""parameter"":""nick"",""type"":""String"",""required"":true,""default"":null,""source"":""annotation"",""confidence"":""high""}]",[],[],"[{""handler"":""handleUserError"",""exceptions"":[""UserNotFoundException"",""UserErrorException""],""response_status"":null,""return_type"":null,""source"":""controller-exception-handler"",""confidence"":""high""}]",,"user,whoisLink",confirm-password-reset,src/main/scala/ru/org/linux/user/ResetPasswordController.scala,33,"@RequestMapping(value = Array(""/people/{nick}/profile""), method = Array(RequestMethod.GET, RequestMethod.HEAD), params = Array(""reset-password""))",
"GET,HEAD",/people/{nick}/profile,/people/{nick}/profile,,,,,WhoisController,getInfoNew,scala,False,html-view,,"[{""value"":""text/html; charset=utf-8"",""source"":""WEB-INF/jsp/whois.jsp page directive"",""confidence"":""high""}]",[],"[{""name"":""nick"",""parameter"":""nick"",""type"":""String"",""required"":true,""default"":null,""source"":""annotation"",""confidence"":""high""}]",[],[],"[{""handler"":""handleUserBanedException"",""exceptions"":[""UserBanedException""],""response_status"":""FORBIDDEN"",""return_type"":""UserNotFoundException): ModelAndView"",""source"":""controller-exception-handler"",""confidence"":""high""},{""handler"":""handleUserNotFound"",""exceptions"":[""UserNotFoundException""],""response_status"":""NOT_FOUND"",""return_type"":""ModelAndView"",""source"":""controller-exception-handler"",""confidence"":""high""}]",,"favoriteTags,ignoreTags,userlog",whois,src/main/scala/ru/org/linux/user/WhoisController.scala,50,"@RequestMapping(value = Array(""/people/{nick}/profile""), method = Array(RequestMethod.GET, RequestMethod.HEAD))",
"GET,HEAD",/people/{nick}/profile,/people/{nick}/profile,year-stats,,,,WhoisController,yearStats,scala,True,json,,"[{""value"":""application/json"",""source"":""@ResponseBody Json + configured message converter"",""confidence"":""medium""}]",[],"[{""name"":""nick"",""parameter"":""nick"",""type"":""String"",""required"":true,""default"":null,""source"":""annotation"",""confidence"":""high""}]",[],[],"[{""handler"":""handleUserBanedException"",""exceptions"":[""UserBanedException""],""response_status"":""FORBIDDEN"",""return_type"":""UserNotFoundException): ModelAndView"",""source"":""controller-exception-handler"",""confidence"":""high""},{""handler"":""handleUserNotFound"",""exceptions"":[""UserNotFoundException""],""response_status"":""NOT_FOUND"",""return_type"":""ModelAndView"",""source"":""controller-exception-handler"",""confidence"":""high""}]",,,,src/main/scala/ru/org/linux/user/WhoisController.scala,215,"@RequestMapping(value = Array(""/people/{nick}/profile""), method = Array(RequestMethod.GET, RequestMethod.HEAD), params = Array(""year-stats""))",
"GET,HEAD",/people/{nick}/profile/wipe,/people/{nick}/profile/wipe,,,,,UserModificationController,wipe,scala,False,html-view,,"[{""value"":""text/html; charset=utf-8"",""source"":""WEB-INF/jsp/wipe-user.jsp page directive"",""confidence"":""high""}]",[],"[{""name"":""nick"",""parameter"":""nick"",""type"":""String"",""required"":true,""default"":null,""source"":""annotation"",""confidence"":""high""}]",[],[],[],,,wipe-user,src/main/scala/ru/org/linux/user/UserModificationController.scala,315,"@RequestMapping(value = Array(""/people/{nick}/profile/wipe""), method = Array(RequestMethod.GET, RequestMethod.HEAD))",
ANY,/people/{nick}/reactions,/people/{nick}/reactions,,,,,UserReactionsController,reactions,scala,False,html-view,,"[{""value"":""text/html; charset=utf-8"",""source"":""WEB-INF/jsp/user-reactions.jsp page directive"",""confidence"":""high""}]","[{""name"":""offset"",""parameter"":""offset"",""type"":""Int"",""required"":false,""default"":""0"",""source"":""annotation"",""confidence"":""high""}]","[{""name"":""nick"",""parameter"":""nick"",""type"":""String"",""required"":true,""default"":null,""source"":""annotation"",""confidence"":""high""},{""name"":""mode"",""parameter"":""mode"",""type"":""String"",""required"":false,""default"":null,""source"":""annotation"",""confidence"":""high""}]",[],[],[],,"items,meTitle,modeTo,nextUrl,prevUrl,reactionsTitle,reactionsUrl,title,url,user",user-reactions,src/main/scala/ru/org/linux/reaction/UserReactionsController.scala,29,@RequestMapping,"@RequestMapping(path = Array(""/people/{nick}/reactions"",""/people/{nick}/reactions/{mode}""))"
ANY,/people/{nick}/reactions/{mode},/people/{nick}/reactions/{mode},,,,,UserReactionsController,reactions,scala,False,html-view,,"[{""value"":""text/html; charset=utf-8"",""source"":""WEB-INF/jsp/user-reactions.jsp page directive"",""confidence"":""high""}]","[{""name"":""offset"",""parameter"":""offset"",""type"":""Int"",""required"":false,""default"":""0"",""source"":""annotation"",""confidence"":""high""}]","[{""name"":""nick"",""parameter"":""nick"",""type"":""String"",""required"":true,""default"":null,""source"":""annotation"",""confidence"":""high""},{""name"":""mode"",""parameter"":""mode"",""type"":""String"",""required"":false,""default"":null,""source"":""annotation"",""confidence"":""high""}]",[],[],[],,"items,meTitle,modeTo,nextUrl,prevUrl,reactionsTitle,reactionsUrl,title,url,user",user-reactions,src/main/scala/ru/org/linux/reaction/UserReactionsController.scala,29,@RequestMapping,"@RequestMapping(path = Array(""/people/{nick}/reactions"",""/people/{nick}/reactions/{mode}""))"
GET,/people/{nick}/remark,/people/{nick}/remark,,,,,EditRemarkController,showForm,scala,False,html-view,,"[{""value"":""text/html; charset=utf-8"",""source"":""WEB-INF/jsp/edit-remark.jsp page directive"",""confidence"":""high""}]",[],"[{""name"":""nick"",""parameter"":""nick"",""type"":""String"",""required"":true,""default"":null,""source"":""annotation"",""confidence"":""high""}]",[],[],[],,,edit-remark,src/main/scala/ru/org/linux/user/EditRemarkController.scala,29,@RequestMapping(method = Array(RequestMethod.GET)),"@RequestMapping(Array(""/people/{nick}/remark""))"
POST,/people/{nick}/remark,/people/{nick}/remark,,,,,EditRemarkController,editProfile,scala,False,redirect-or-view,,[],"[{""name"":""text"",""parameter"":""text"",""type"":""String"",""required"":true,""default"":null,""source"":""annotation"",""confidence"":""high""}]","[{""name"":""nick"",""parameter"":""nick"",""type"":""String"",""required"":true,""default"":null,""source"":""annotation"",""confidence"":""high""}]",[],[],[],,,,src/main/scala/ru/org/linux/user/EditRemarkController.scala,48,@RequestMapping(method = Array(RequestMethod.POST)),"@RequestMapping(Array(""/people/{nick}/remark""))"
ANY,/people/{nick}/remarks,/people/{nick}/remarks,,,,,ShowRemarkController,showRemarks,scala,False,html-view,,"[{""value"":""text/html; charset=utf-8"",""source"":""WEB-INF/jsp/view-remarks.jsp page directive"",""confidence"":""high""}]","[{""name"":""offset"",""parameter"":""offset"",""type"":""Int"",""required"":false,""default"":""0"",""source"":""annotation"",""confidence"":""high""},{""name"":""sort"",""parameter"":""sortorder"",""type"":""Int"",""required"":false,""default"":""0"",""source"":""annotation"",""confidence"":""high""}]","[{""name"":""nick"",""parameter"":""nick"",""type"":""String"",""required"":true,""default"":null,""source"":""annotation"",""confidence"":""high""}]",[],[],[],,,view-remarks,src/main/scala/ru/org/linux/user/ShowRemarkController.scala,26,"@RequestMapping(Array(""/people/{nick}/remarks""))",
GET,/people/{nick}/settings,/people/{nick}/settings,,,,,EditSettingsController,showForm,scala,False,html-view,,"[{""value"":""text/html; charset=utf-8"",""source"":""WEB-INF/jsp/edit-settings.jsp page directive"",""confidence"":""high""}]",[],"[{""name"":""nick"",""parameter"":""nick"",""type"":""String"",""required"":true,""default"":null,""source"":""annotation"",""confidence"":""high""}]",[],[],[],,,edit-settings,src/main/scala/ru/org/linux/user/EditSettingsController.scala,37,@RequestMapping(method = Array(RequestMethod.GET)),"@RequestMapping (path = Array (""/people/{nick}/settings"") )"
POST,/people/{nick}/settings,/people/{nick}/settings,,,,,EditSettingsController,updateSettings,scala,False,redirect-or-view,,[],"[{""name"":""topics"",""parameter"":""topics"",""type"":""Int"",""required"":true,""default"":null,""source"":""annotation"",""confidence"":""high""},{""name"":""messages"",""parameter"":""messages"",""type"":""Int"",""required"":true,""default"":null,""source"":""annotation"",""confidence"":""high""},{""name"":""format_mode"",""parameter"":""formatMode"",""type"":""String"",""required"":true,""default"":null,""source"":""annotation"",""confidence"":""high""},{""name"":""style"",""parameter"":null,""type"":null,""required"":null,""default"":null,""source"":""direct-getParameter"",""confidence"":""medium""},{""name"":""photos"",""parameter"":null,""type"":null,""required"":null,""default"":null,""source"":""direct-getParameter"",""confidence"":""medium""},{""name"":""hideAdsense"",""parameter"":null,""type"":null,""required"":null,""default"":null,""source"":""direct-getParameter"",""confidence"":""medium""},{""name"":""mainGallery"",""parameter"":null,""type"":null,""required"":null,""default"":null,""source"":""direct-getParameter"",""confidence"":""medium""},{""name"":""oldTracker"",""parameter"":null,""type"":null,""required"":null,""default"":null,""source"":""direct-getParameter"",""confidence"":""medium""},{""name"":""oldNotifications"",""parameter"":null,""type"":null,""required"":null,""default"":null,""source"":""direct-getParameter"",""confidence"":""medium""},{""name"":""trackerMode"",""parameter"":null,""type"":null,""required"":null,""default"":null,""source"":""direct-getParameter"",""confidence"":""medium""},{""name"":""avatar"",""parameter"":null,""type"":null,""required"":null,""default"":null,""source"":""direct-getParameter"",""confidence"":""medium""},{""name"":""reactionNotification"",""parameter"":null,""type"":null,""required"":null,""default"":null,""source"":""direct-getParameter"",""confidence"":""medium""}]","[{""name"":""nick"",""parameter"":""nick"",""type"":""String"",""required"":true,""default"":null,""source"":""annotation"",""confidence"":""high""}]",[],[],[],,,,src/main/scala/ru/org/linux/user/EditSettingsController.scala,78,@RequestMapping(method = Array(RequestMethod.POST)),"@RequestMapping (path = Array (""/people/{nick}/settings"") )"
ANY,/people/{nick}/tracked,/people/{nick}/tracked,,,,,UserTopicListController,showUserWatches,scala,False,html-view,,"[{""value"":""text/html; charset=utf-8"",""source"":""WEB-INF/jsp/user-topics.jsp page directive"",""confidence"":""high""}]","[{""name"":""offset"",""parameter"":""rawOffset"",""type"":""Int"",""required"":false,""default"":""0"",""source"":""annotation"",""confidence"":""high""}]","[{""name"":""nick"",""parameter"":""nick"",""type"":""String"",""required"":true,""default"":null,""source"":""annotation"",""confidence"":""high""}]",[],[],"[{""handler"":""handleNotFoundException"",""exceptions"":[""UserNotFoundException"",""SectionNotFoundException""],""response_status"":""NOT_FOUND"",""return_type"":null,""source"":""controller-exception-handler"",""confidence"":""high""}]",,"navtitle,offset,ptitle,url",user-topics,src/main/scala/ru/org/linux/topic/UserTopicListController.scala,161,"@RequestMapping(value = Array(""tracked""))","@RequestMapping(path = Array(""/people/{nick}""))"
ANY,/poll.boxlet,/poll.boxlet,,,,,PollBoxlet,getData,scala,False,html-view,,"[{""value"":""text/html;charset=UTF-8"",""source"":""WEB-INF/jsp/boxlets/poll.jsp page directive"",""confidence"":""high""}]",[],[],[],[],[],,"count,countUsers,message,poll,userVoted,votedVariants",boxlets/poll,src/main/scala/ru/org/linux/poll/PollBoxlet.scala,30,"@RequestMapping(Array(""/poll.boxlet""))",
ANY,/polls/archive,/polls/archive,,,,,ArchiveController,pollsArchive,scala,False,html-view,,[],[],[],[],[],"[{""handler"":""handleNotFoundException"",""exceptions"":[""GroupNotFoundException""],""response_status"":""NOT_FOUND"",""return_type"":null,""source"":""controller-exception-handler"",""confidence"":""high""}]",,,,src/main/scala/ru/org/linux/topic/ArchiveController.scala,82,"@RequestMapping(path = Array(""/polls/archive""))",
ANY,/polls/{group}/{id}/history,/polls/{group}/{id}/history,,,,,EditHistoryController,showEditInfo,scala,False,html-view,,"[{""value"":""text/html; charset=utf-8"",""source"":""WEB-INF/jsp/history.jsp page directive"",""confidence"":""high""}]",[],"[{""name"":""id"",""parameter"":""msgid"",""type"":""Int"",""required"":true,""default"":null,""source"":""annotation"",""confidence"":""high""}]",[],[],[],,,history,src/main/scala/ru/org/linux/edithistory/EditHistoryController.scala,35,"@RequestMapping(Array(""/news/{group}/{id}/history"", ""/forum/{group}/{id}/history"", ""/gallery/{group}/{id}/history"", ""/polls/{group}/{id}/history"", ""/articles/{group}/{id}/history""))",
ANY,/polls/{group}/{id}/{commentid}/history,/polls/{group}/{id}/{commentid}/history,,,,,EditHistoryController,showCommentEditInfo,scala,False,html-view,,"[{""value"":""text/html; charset=utf-8"",""source"":""WEB-INF/jsp/history.jsp page directive"",""confidence"":""high""}]",[],"[{""name"":""id"",""parameter"":""msgid"",""type"":""Int"",""required"":true,""default"":null,""source"":""annotation"",""confidence"":""high""},{""name"":""commentid"",""parameter"":""commentId"",""type"":""Int"",""required"":true,""default"":null,""source"":""annotation"",""confidence"":""high""}]",[],[],[],,,history,src/main/scala/ru/org/linux/edithistory/EditHistoryController.scala,60,"@RequestMapping(Array(""/news/{group}/{id}/{commentid}/history"", ""/forum/{group}/{id}/{commentid}/history"", ""/gallery/{group}/{id}/{commentid}/history"", ""/polls/{group}/{id}/{commentid}/history"", ""/articles/{group}/{id}/{commentid}/history""))",
GET,/post-warning,/post-warning,,,,,WarningController,showForm,scala,False,html-view,,"[{""value"":""text/html; charset=utf-8"",""source"":""WEB-INF/jsp/post-warning.jsp page directive"",""confidence"":""high""}]",[],[],"[{""name"":""request"",""parameter"":""request"",""type"":""PostWarningRequest"",""fields"":[""comment"",""ruleType"",""text"",""topic"",""warningType""],""source"":""annotation+bean-accessors"",""confidence"":""high""}]",[],[],"comment,ruleType,text,topic,warningType",,post-warning,src/main/scala/ru/org/linux/warning/WarningController.scala,50,"@RequestMapping(value = Array(""/post-warning""), method = Array(RequestMethod.GET))",
POST,/post-warning,/post-warning,,,,,WarningController,post,scala,False,html-view,,"[{""value"":""text/html;charset=UTF-8"",""source"":""WEB-INF/jsp/action-done.jsp page directive"",""confidence"":""high""},{""value"":""text/html; charset=utf-8"",""source"":""WEB-INF/jsp/post-warning.jsp page directive"",""confidence"":""high""}]",[],[],"[{""name"":""request"",""parameter"":""request"",""type"":""PostWarningRequest"",""fields"":[""comment"",""ruleType"",""text"",""topic"",""warningType""],""source"":""annotation+bean-accessors"",""confidence"":""high""}]",[],[],"comment,ruleType,text,topic,warningType","link,message","action-done,post-warning",src/main/scala/ru/org/linux/warning/WarningController.scala,98,"@RequestMapping(value = Array(""/post-warning""), method = Array(RequestMethod.POST))",
GET,/reactions,/reactions,comment,,,,ReactionController,commentReaction,scala,False,redirect-or-view,,"[{""value"":""text/html; charset=utf-8"",""source"":""WEB-INF/jsp/reaction-comment.jsp page directive"",""confidence"":""high""}]","[{""name"":""comment"",""parameter"":""commentId"",""type"":""Int"",""required"":true,""default"":null,""source"":""annotation"",""confidence"":""high""}]",[],[],[],"[{""handler"":""handleRateLimit"",""exceptions"":[""ReactionRateLimitException""],""response_status"":""TOO_MANY_REQUESTS"",""return_type"":null,""source"":""controller-exception-handler"",""confidence"":""high""}]",,,reaction-comment,src/main/scala/ru/org/linux/reaction/ReactionController.scala,44,"@RequestMapping(params = Array(""comment""), method = Array(RequestMethod.GET))","@RequestMapping(path = Array(""/reactions""))"
POST,/reactions,/reactions,comment,,,,ReactionController,setCommentReaction,scala,False,redirect-or-view,,[],"[{""name"":""comment"",""parameter"":""commentId"",""type"":""Int"",""required"":true,""default"":null,""source"":""annotation"",""confidence"":""high""},{""name"":""reaction"",""parameter"":""reactionAction"",""type"":""String"",""required"":true,""default"":null,""source"":""annotation"",""confidence"":""high""}]",[],[],[],"[{""handler"":""handleRateLimit"",""exceptions"":[""ReactionRateLimitException""],""response_status"":""TOO_MANY_REQUESTS"",""return_type"":null,""source"":""controller-exception-handler"",""confidence"":""high""}]",,,,src/main/scala/ru/org/linux/reaction/ReactionController.scala,90,"@RequestMapping(params = Array(""comment""), method = Array(RequestMethod.POST))","@RequestMapping(path = Array(""/reactions""))"
GET,/reactions,/reactions,!comment,,,,ReactionController,topicReaction,scala,False,redirect-or-view,,"[{""value"":""text/html; charset=utf-8"",""source"":""WEB-INF/jsp/reaction-topic.jsp page directive"",""confidence"":""high""}]","[{""name"":""topic"",""parameter"":""topicId"",""type"":""Int"",""required"":true,""default"":null,""source"":""annotation"",""confidence"":""high""}]",[],[],[],"[{""handler"":""handleRateLimit"",""exceptions"":[""ReactionRateLimitException""],""response_status"":""TOO_MANY_REQUESTS"",""return_type"":null,""source"":""controller-exception-handler"",""confidence"":""high""}]",,,reaction-topic,src/main/scala/ru/org/linux/reaction/ReactionController.scala,114,"@RequestMapping(params = Array(""!comment""), method = Array(RequestMethod.GET))","@RequestMapping(path = Array(""/reactions""))"
POST,/reactions,/reactions,!comment,,,,ReactionController,setTopicReaction,scala,False,redirect-or-view,,[],"[{""name"":""topic"",""parameter"":""topicId"",""type"":""Int"",""required"":true,""default"":null,""source"":""annotation"",""confidence"":""high""},{""name"":""reaction"",""parameter"":""reactionAction"",""type"":""String"",""required"":true,""default"":null,""source"":""annotation"",""confidence"":""high""}]",[],[],[],"[{""handler"":""handleRateLimit"",""exceptions"":[""ReactionRateLimitException""],""response_status"":""TOO_MANY_REQUESTS"",""return_type"":null,""source"":""controller-exception-handler"",""confidence"":""high""}]",,,,src/main/scala/ru/org/linux/reaction/ReactionController.scala,162,"@RequestMapping(params = Array(""!comment""), method = Array(RequestMethod.POST))","@RequestMapping(path = Array(""/reactions""))"
POST,/reactions/ajax,/reactions/ajax,comment,,,,ReactionController,setCommentReactionAjax,scala,True,json,,"[{""value"":""application/json"",""source"":""@ResponseBody Json + configured message converter"",""confidence"":""medium""}]","[{""name"":""comment"",""parameter"":""commentId"",""type"":""Int"",""required"":true,""default"":null,""source"":""annotation"",""confidence"":""high""},{""name"":""reaction"",""parameter"":""reactionAction"",""type"":""String"",""required"":true,""default"":null,""source"":""annotation"",""confidence"":""high""}]",[],[],[],"[{""handler"":""handleRateLimit"",""exceptions"":[""ReactionRateLimitException""],""response_status"":""TOO_MANY_REQUESTS"",""return_type"":null,""source"":""controller-exception-handler"",""confidence"":""high""}]",,,,src/main/scala/ru/org/linux/reaction/ReactionController.scala,101,"@RequestMapping(value=Array(""/ajax""), params = Array(""comment""), method = Array(RequestMethod.POST))","@RequestMapping(path = Array(""/reactions""))"
POST,/reactions/ajax,/reactions/ajax,!comment,,,,ReactionController,setTopicReactionAjax,scala,True,json,,"[{""value"":""application/json"",""source"":""@ResponseBody Json + configured message converter"",""confidence"":""medium""}]","[{""name"":""topic"",""parameter"":""topicId"",""type"":""Int"",""required"":true,""default"":null,""source"":""annotation"",""confidence"":""high""},{""name"":""reaction"",""parameter"":""reactionAction"",""type"":""String"",""required"":true,""default"":null,""source"":""annotation"",""confidence"":""high""}]",[],[],[],"[{""handler"":""handleRateLimit"",""exceptions"":[""ReactionRateLimitException""],""response_status"":""TOO_MANY_REQUESTS"",""return_type"":null,""source"":""controller-exception-handler"",""confidence"":""high""}]",,,,src/main/scala/ru/org/linux/reaction/ReactionController.scala,172,"@RequestMapping(value = Array(""/ajax""), params = Array(""!comment""), method = Array(RequestMethod.POST))","@RequestMapping(path = Array(""/reactions""))"
GET,/register.jsp,/register.jsp,,,,,RegisterController,register,scala,False,redirect-or-view,,"[{""value"":""text/html; charset=utf-8"",""source"":""WEB-INF/jsp/no-register.jsp page directive"",""confidence"":""high""},{""value"":""text/html; charset=utf-8"",""source"":""WEB-INF/jsp/register.jsp page directive"",""confidence"":""high""}]",[],[],"[{""name"":""form"",""parameter"":""form"",""type"":""RegisterRequest"",""fields"":[""email"",""nick"",""password"",""password2"",""rules""],""source"":""annotation+bean-accessors"",""confidence"":""high""}]",[],[],"email,nick,password,password2,rules",,"no-register,register",src/main/scala/ru/org/linux/user/RegisterController.scala,50,"@RequestMapping(value = Array(""/register.jsp""), method = Array(RequestMethod.GET))",
POST,/register.jsp,/register.jsp,,,,,RegisterController,doRegister,scala,False,html-view,,"[{""value"":""text/html;charset=UTF-8"",""source"":""WEB-INF/jsp/action-done.jsp page directive"",""confidence"":""high""},{""value"":""text/html; charset=utf-8"",""source"":""WEB-INF/jsp/no-register.jsp page directive"",""confidence"":""high""},{""value"":""text/html; charset=utf-8"",""source"":""WEB-INF/jsp/register.jsp page directive"",""confidence"":""high""}]","[{""name"":""permit"",""parameter"":""permit"",""type"":""String"",""required"":false,""default"":null,""source"":""annotation"",""confidence"":""high""}]",[],"[{""name"":""form"",""parameter"":""form"",""type"":""RegisterRequest"",""fields"":[""email"",""nick"",""password"",""password2"",""rules""],""source"":""annotation+bean-accessors"",""confidence"":""high""}]",[],[],"email,nick,password,password2,rules",,"action-done,no-register,register",src/main/scala/ru/org/linux/user/RegisterController.scala,65,"@RequestMapping(value = Array(""/register.jsp""), method = Array(RequestMethod.POST))",
POST,/remove-userpic.jsp,/remove-userpic.jsp,,,,,UserModificationController,removeUserpic,scala,False,html-view,,[],"[{""name"":""id"",""parameter"":""user"",""type"":""User"",""required"":true,""default"":null,""source"":""annotation"",""confidence"":""high""}]",[],[],[],[],,,,src/main/scala/ru/org/linux/user/UserModificationController.scala,267,"@RequestMapping(value = Array(""/remove-userpic.jsp""), method = Array(RequestMethod.POST))",
GET,/reset-password,/reset-password,,,,,ResetPasswordController,showCodeForm,scala,False,html-view,,"[{""value"":""text/html; charset=utf-8"",""source"":""WEB-INF/jsp/reset-password-form.jsp page directive"",""confidence"":""high""}]",[],[],[],[],"[{""handler"":""handleUserError"",""exceptions"":[""UserNotFoundException"",""UserErrorException""],""response_status"":null,""return_type"":null,""source"":""controller-exception-handler"",""confidence"":""high""}]",,,reset-password-form,src/main/scala/ru/org/linux/user/ResetPasswordController.scala,47,"@RequestMapping(value = Array(""/reset-password""), method = Array(RequestMethod.GET))",
POST,/reset-password,/reset-password,,,,,ResetPasswordController,resetPassword,scala,False,html-view,,"[{""value"":""text/html;charset=UTF-8"",""source"":""WEB-INF/jsp/action-done.jsp page directive"",""confidence"":""high""}]","[{""name"":""nick"",""parameter"":""nick"",""type"":""String"",""required"":true,""default"":null,""source"":""annotation"",""confidence"":""high""},{""name"":""code"",""parameter"":""formCode"",""type"":""String"",""required"":true,""default"":null,""source"":""annotation"",""confidence"":""high""}]",[],[],[],"[{""handler"":""handleUserError"",""exceptions"":[""UserNotFoundException"",""UserErrorException""],""response_status"":null,""return_type"":null,""source"":""controller-exception-handler"",""confidence"":""high""}]",,,action-done,src/main/scala/ru/org/linux/user/ResetPasswordController.scala,50,"@RequestMapping(value = Array(""/reset-password""), method = Array(RequestMethod.POST))",
ANY,/resolve.jsp,/resolve.jsp,,,,,ResolveController,resolve,scala,False,redirect,,[],"[{""name"":""msgid"",""parameter"":""msgid"",""type"":""Int"",""required"":true,""default"":null,""source"":""annotation"",""confidence"":""high""},{""name"":""resolve"",""parameter"":""resolved"",""type"":""String"",""required"":true,""default"":null,""source"":""annotation"",""confidence"":""high""}]",[],[],[],[],,,,src/main/scala/ru/org/linux/topic/ResolveController.scala,29,"@RequestMapping(Array(""/resolve.jsp""))",
ANY,/sameip.jsp,/sameip.jsp,,,,,SameIPController,sameIP,scala,False,html-view,,"[{""value"":""text/html; charset=utf-8"",""source"":""WEB-INF/jsp/sameip.jsp page directive"",""confidence"":""high""}]","[{""name"":""ip"",""parameter"":""ip"",""type"":""String"",""required"":false,""default"":null,""source"":""annotation"",""confidence"":""high""},{""name"":""mask"",""parameter"":""mask"",""type"":""Int"",""required"":false,""default"":""32"",""source"":""annotation"",""confidence"":""high""},{""name"":""ua"",""parameter"":""userAgent"",""type"":""Integer"",""required"":false,""default"":null,""source"":""annotation"",""confidence"":""high""},{""name"":""score"",""parameter"":""score"",""type"":""Integer"",""required"":false,""default"":null,""source"":""annotation"",""confidence"":""high""}]",[],[],"[{""name"":""masks"",""provider"":""masks"",""return_type"":""util.List[(String, String)]"",""source"":""controller-model-provider"",""confidence"":""high""},{""name"":""scores"",""provider"":""scores"",""return_type"":""util.List[(String, String)]"",""source"":""controller-model-provider"",""confidence"":""high""}]",[],,"allowPosting,captchaRequired",sameip,src/main/scala/ru/org/linux/admin/SameIPController.scala,59,"@RequestMapping(Array(""/sameip.jsp""))",
"GET,HEAD",/search.jsp,/search.jsp,,,,,SearchController,search,scala,False,unknown,,[],[],[],"[{""name"":""query"",""parameter"":""query"",""type"":""SearchServiceRequest"",""fields"":[""dt"",""group"",""interval"",""offset"",""q"",""range"",""section"",""sort"",""user"",""usertopic""],""source"":""annotation+bean-accessors"",""confidence"":""high""}]","[{""name"":""sorts"",""provider"":""getSorts"",""return_type"":""java.util.Map[String, String]"",""source"":""controller-model-provider"",""confidence"":""high""},{""name"":""intervals"",""provider"":""getIntervals"",""return_type"":""java.util.Map[SearchInterval, String]"",""source"":""controller-model-provider"",""confidence"":""high""},{""name"":""ranges"",""provider"":""getRanges"",""return_type"":""java.util.Map[SearchEnums.SearchRange, String]"",""source"":""controller-model-provider"",""confidence"":""high""}]",[],"dt,group,interval,offset,q,range,section,sort,user,usertopic",,,src/main/scala/ru/org/linux/search/SearchController.scala,56,"@RequestMapping(value = Array(""/search.jsp""), method = Array(RequestMethod.GET, RequestMethod.HEAD))",
ANY,/section-rss.jsp,/section-rss.jsp,,,,,TopicListController,showRSS,scala,False,feed,,"[{""value"":""application/rss+xml; charset=utf-8"",""source"":""WEB-INF/jsp/section-rss.jsp page directive"",""confidence"":""high""}]","[{""name"":""section"",""parameter"":""sectionId"",""type"":""Int"",""required"":false,""default"":""1"",""source"":""annotation"",""confidence"":""high""},{""name"":""group"",""parameter"":""groupId"",""type"":""Int"",""required"":false,""default"":""0"",""source"":""annotation"",""confidence"":""high""},{""name"":""filter"",""parameter"":""filter"",""type"":""String"",""required"":false,""default"":null,""source"":""annotation"",""confidence"":""high""}]",[],[],[],"[{""handler"":""handleNotFoundException"",""exceptions"":[""GroupNotFoundException"",""SectionNotFoundException""],""response_status"":""NOT_FOUND"",""return_type"":""ModelAndView"",""source"":""controller-exception-handler"",""confidence"":""high""}]",,"group,messages,ptitle,section",section-rss,src/main/scala/ru/org/linux/topic/TopicListController.scala,240,"@RequestMapping(path = Array(""/section-rss.jsp""))",
GET,/setpostscore.jsp,/setpostscore.jsp,,,,,TopicModificationController,showForm,scala,False,html-view,,"[{""value"":""text/html; charset=utf-8"",""source"":""WEB-INF/jsp/setpostscore.jsp page directive"",""confidence"":""high""}]","[{""name"":""msgid"",""parameter"":""msgid"",""type"":""Int"",""required"":true,""default"":null,""source"":""annotation"",""confidence"":""high""}]",[],[],[],[],,,setpostscore,src/main/scala/ru/org/linux/topic/TopicModificationController.scala,41,"@RequestMapping(value = Array(""/setpostscore.jsp""), method = Array(RequestMethod.GET))",
POST,/setpostscore.jsp,/setpostscore.jsp,,,,,TopicModificationController,modifyTopic,scala,False,html-view,,"[{""value"":""text/html;charset=UTF-8"",""source"":""WEB-INF/jsp/action-done.jsp page directive"",""confidence"":""high""}]","[{""name"":""msgid"",""parameter"":""msgid"",""type"":""Int"",""required"":true,""default"":null,""source"":""annotation"",""confidence"":""high""},{""name"":""postscore"",""parameter"":""postscore"",""type"":""Int"",""required"":true,""default"":null,""source"":""annotation"",""confidence"":""high""},{""name"":""false"",""parameter"":""sticky"",""type"":""Boolean"",""required"":false,""default"":""false"",""source"":""annotation"",""confidence"":""high""},{""name"":""false"",""parameter"":""notop"",""type"":""Boolean"",""required"":false,""default"":""false"",""source"":""annotation"",""confidence"":""high""}]",[],[],[],[],,,action-done,src/main/scala/ru/org/linux/topic/TopicModificationController.scala,51,"@RequestMapping(value = Array(""/setpostscore.jsp""), method = Array(RequestMethod.POST))",
ANY,/show-comments.jsp,/show-comments.jsp,,,,,ShowCommentsController,showComments,scala,False,redirect,,[],"[{""name"":""nick"",""parameter"":""nick"",""type"":""String"",""required"":true,""default"":null,""source"":""annotation"",""confidence"":""high""}]",[],[],"[{""name"":""filters"",""provider"":""getFilters"",""return_type"":""java.util.List[DeletedCommentsFilterEnum]"",""source"":""controller-model-provider"",""confidence"":""high""}]","[{""handler"":""handleUserNotFound"",""exceptions"":[""UserNotFoundException""],""response_status"":""NOT_FOUND"",""return_type"":""ModelAndView"",""source"":""controller-exception-handler"",""confidence"":""high""}]",,,,src/main/scala/ru/org/linux/comment/ShowCommentsController.scala,32,"@RequestMapping(Array(""/show-comments.jsp""))",
"GET,HEAD",/show-replies.jsp,/show-replies.jsp,"!output,!nick",,,,UserEventController,showNotificationsOld,scala,False,redirect-or-view,,[],[],[],[],[],"[{""handler"":""handleUserNotFound"",""exceptions"":[""UserNotFoundException""],""response_status"":""NOT_FOUND"",""return_type"":""ModelAndView"",""source"":""controller-exception-handler"",""confidence"":""high""}]",,,,src/main/scala/ru/org/linux/user/UserEventController.scala,191,"@RequestMapping(value = Array(""/show-replies.jsp""), method = Array(RequestMethod.GET, RequestMethod.HEAD), params = Array(""!output"", ""!nick""))",
"GET,HEAD",/show-replies.jsp,/show-replies.jsp,!output,,,,UserEventController,showNotificationsForModerator,scala,False,redirect-or-view,,"[{""value"":""text/html; charset=utf-8"",""source"":""WEB-INF/jsp/show-replies.jsp page directive"",""confidence"":""high""}]","[{""name"":""filter"",""parameter"":""filter"",""type"":""String"",""required"":false,""default"":""all"",""source"":""annotation"",""confidence"":""high""},{""name"":""nick"",""parameter"":""nick"",""type"":""String"",""required"":true,""default"":null,""source"":""annotation"",""confidence"":""high""},{""name"":""offset"",""parameter"":""offsetRaw"",""type"":""Int"",""required"":false,""default"":""0"",""source"":""annotation"",""confidence"":""high""}]",[],[],[],"[{""handler"":""handleUserNotFound"",""exceptions"":[""UserNotFoundException""],""response_status"":""NOT_FOUND"",""return_type"":""ModelAndView"",""source"":""controller-exception-handler"",""confidence"":""high""}]",,,show-replies,src/main/scala/ru/org/linux/user/UserEventController.scala,197,"@RequestMapping(value = Array(""/show-replies.jsp""), method = Array(RequestMethod.GET, RequestMethod.HEAD), params = Array(""!output""))",
"GET,HEAD",/show-replies.jsp,/show-replies.jsp,output,,,,UserEventController,repliesFeed,scala,False,feed,,"[{""value"":""application/rss+xml"",""source"":""AbstractRomeView contentTypes configuration"",""confidence"":""medium""},{""value"":""application/atom+xml"",""source"":""AbstractRomeView contentTypes configuration"",""confidence"":""medium""}]","[{""name"":""output"",""parameter"":""output"",""type"":""String"",""required"":true,""default"":null,""source"":""annotation"",""confidence"":""high""},{""name"":""filter"",""parameter"":""filter"",""type"":""String"",""required"":false,""default"":""all"",""source"":""annotation"",""confidence"":""high""},{""name"":""nick"",""parameter"":""nick"",""type"":""String"",""required"":true,""default"":null,""source"":""annotation"",""confidence"":""high""}]",[],[],[],"[{""handler"":""handleUserNotFound"",""exceptions"":[""UserNotFoundException""],""response_status"":""NOT_FOUND"",""return_type"":""ModelAndView"",""source"":""controller-exception-handler"",""confidence"":""high""}]",,feed-type,,src/main/scala/ru/org/linux/user/UserEventController.scala,254,"@RequestMapping(value = Array(""/show-replies.jsp""), method = Array(RequestMethod.GET, RequestMethod.HEAD), params = Array(""output""))",
GET,/show-topics.jsp,/show-topics.jsp,,,,,TopicListController,showUserTopics,scala,False,redirect-or-view,,[],"[{""name"":""nick"",""parameter"":""nick"",""type"":""String"",""required"":true,""default"":null,""source"":""annotation"",""confidence"":""high""},{""name"":""output"",""parameter"":""output"",""type"":""String"",""required"":false,""default"":null,""source"":""annotation"",""confidence"":""high""}]",[],[],[],"[{""handler"":""handleNotFoundException"",""exceptions"":[""GroupNotFoundException"",""SectionNotFoundException""],""response_status"":""NOT_FOUND"",""return_type"":""ModelAndView"",""source"":""controller-exception-handler"",""confidence"":""high""}]",,,,src/main/scala/ru/org/linux/topic/TopicListController.scala,231,"@RequestMapping(value = Array(""/show-topics.jsp""), method = Array(RequestMethod.GET))",
"GET,HEAD",/tag/{tag},/tag/{tag},!section,,,,TagPageController,tagPage,scala,False,redirect-or-view,,"[{""value"":""text/html; charset=utf-8"",""source"":""WEB-INF/jsp/tag-page.jsp page directive"",""confidence"":""high""}]",[],"[{""name"":""tag"",""parameter"":""tag"",""type"":""String"",""required"":true,""default"":null,""source"":""annotation"",""confidence"":""high""}]",[],[],[],,,tag-page,src/main/scala/ru/org/linux/tag/TagPageController.scala,61,"@RequestMapping(method = Array(RequestMethod.GET, RequestMethod.HEAD))","@RequestMapping(value = Array(""/tag/{tag}""), params = Array(""!section""))"
"GET,HEAD",/tag/{tag},/tag/{tag},section,,,,TagTopicListController,tagFeed,scala,False,redirect-or-view,,"[{""value"":""text/html; charset=utf-8"",""source"":""WEB-INF/jsp/errors/code404.jsp page directive"",""confidence"":""high""}]","[{""name"":""offset"",""parameter"":""rawOffset"",""type"":""Int"",""required"":false,""default"":""0"",""source"":""annotation"",""confidence"":""high""},{""name"":""section"",""parameter"":""sectionId"",""type"":""Int"",""required"":false,""default"":""0"",""source"":""annotation"",""confidence"":""high""}]","[{""name"":""tag"",""parameter"":""tag"",""type"":""String"",""required"":true,""default"":null,""source"":""annotation"",""confidence"":""high""}]",[],[],"[{""handler"":""handleNotFoundException"",""exceptions"":[""SectionNotFoundException""],""response_status"":""NOT_FOUND"",""return_type"":null,""source"":""controller-exception-handler"",""confidence"":""high""}]",,"addUrl,addUrlReason,counter,favsCount,ignoreCount,messages,nextLink,offset,offsetNavigation,prevLink,ptitle,section,sectionList,showFavoriteTagButton,showIgnoreTagButton,showUnFavoriteTagButton,showUnIgnoreTagButton,tag,tagTitle,url",errors/code404,src/main/scala/ru/org/linux/topic/TagTopicListController.scala,74,"@RequestMapping( value = Array(""/tag/{tag}""), method = Array(RequestMethod.GET, RequestMethod.HEAD), params = Array(""section""))",
ANY,/tagcloud.boxlet,/tagcloud.boxlet,,,,,TagCloudBoxlet,getData,java,False,html-view,,"[{""value"":""text/html;charset=UTF-8"",""source"":""WEB-INF/jsp/boxlets/tagcloud.jsp page directive"",""confidence"":""high""}]",[],[],[],[],[],,,boxlets/tagcloud,src/main/java/ru/org/linux/boxlets/TagCloudBoxlet.java,36,"@RequestMapping(""/tagcloud.boxlet"")",
ANY,/tags,/tags,,,,,TagController,showDefaultTagListHandlertags,scala,False,html-view,,[],[],[],[],[],[],,,,src/main/scala/ru/org/linux/tag/TagController.scala,40,"@RequestMapping(path = Array(""/tags""))",
ANY,/tags,/tags,term,,,,TagController,showTagListHandlerJSON,scala,True,json,,"[{""value"":""application/json"",""source"":""@ResponseBody Json + configured message converter"",""confidence"":""medium""}]","[{""name"":""term"",""parameter"":""term"",""type"":""String"",""required"":true,""default"":null,""source"":""annotation"",""confidence"":""high""}]",[],[],[],[],,,,src/main/scala/ru/org/linux/tag/TagController.scala,93,"@RequestMapping(value = Array(""/tags""), params = Array(""term""))",
ANY,/tags.jsp,/tags.jsp,,,,,TagController,oldTagsRedirectHandler,scala,False,unknown,,[],[],[],[],[],[],,,,src/main/scala/ru/org/linux/tag/TagController.scala,83,"@RequestMapping(path = Array(""/tags.jsp""))",
GET,/tags/change,/tags/change,,,,,TagController,changeTagShowFormHandler,scala,False,html-view,,"[{""value"":""text/html; charset=utf-8"",""source"":""WEB-INF/jsp/tags-change.jsp page directive"",""confidence"":""high""}]","[{""name"":""firstLetter"",""parameter"":""firstLetter"",""type"":""String"",""required"":false,""default"":"""",""source"":""annotation"",""confidence"":""high""},{""name"":""tagName"",""parameter"":""oldTagName"",""type"":""String"",""required"":true,""default"":null,""source"":""annotation"",""confidence"":""high""}]",[],[],[],[],,"firstLetter,tagRequestChange",tags-change,src/main/scala/ru/org/linux/tag/TagController.scala,107,"@RequestMapping(value = Array(""/tags/change""), method = Array(RequestMethod.GET))",
POST,/tags/change,/tags/change,,,,,TagController,changeTagSubmitHandler,scala,False,html-view,,"[{""value"":""text/html; charset=utf-8"",""source"":""WEB-INF/jsp/tags-change.jsp page directive"",""confidence"":""high""}]","[{""name"":""firstLetter"",""parameter"":""firstLetter"",""type"":""String"",""required"":false,""default"":"""",""source"":""annotation"",""confidence"":""high""}]",[],"[{""name"":""tagRequestChange"",""parameter"":""tagRequestChange"",""type"":""TagRequest.Change"",""fields"":[""oldTagName"",""tagName""],""source"":""annotation+bean-accessors"",""confidence"":""high""}]",[],[],"oldTagName,tagName",firstLetter,tags-change,src/main/scala/ru/org/linux/tag/TagController.scala,133,"@RequestMapping(value = Array(""/tags/change""), method = Array(RequestMethod.POST))",
GET,/tags/delete,/tags/delete,,,,,TagController,deleteTagShowFormHandler,scala,False,html-view,,"[{""value"":""text/html; charset=utf-8"",""source"":""WEB-INF/jsp/tags-delete.jsp page directive"",""confidence"":""high""}]","[{""name"":""firstLetter"",""parameter"":""firstLetter"",""type"":""String"",""required"":false,""default"":"""",""source"":""annotation"",""confidence"":""high""},{""name"":""tagName"",""parameter"":""oldTagName"",""type"":""String"",""required"":true,""default"":null,""source"":""annotation"",""confidence"":""high""}]",[],[],[],[],,"firstLetter,synonym,tagRequestDelete",tags-delete,src/main/scala/ru/org/linux/tag/TagController.scala,169,"@RequestMapping(value = Array(""/tags/delete""), method = Array(RequestMethod.GET))",
POST,/tags/delete,/tags/delete,,,,,TagController,deleteTagSubmitHandler,scala,False,html-view,,"[{""value"":""text/html; charset=utf-8"",""source"":""WEB-INF/jsp/tags-delete.jsp page directive"",""confidence"":""high""}]",[],[],"[{""name"":""tagRequestDelete"",""parameter"":""request"",""type"":""TagRequest.Delete"",""fields"":[""createSynonym"",""oldTagName"",""tagName""],""source"":""annotation+bean-accessors"",""confidence"":""high""}]",[],[],"createSynonym,oldTagName,tagName","firstLetter,synonym",tags-delete,src/main/scala/ru/org/linux/tag/TagController.scala,193,"@RequestMapping(value = Array(""/tags/delete""), method = Array(RequestMethod.POST))",
ANY,/tags/{firstLetter},/tags/{firstLetter},,,,,TagController,showTagListHandler,scala,False,html-view,,"[{""value"":""text/html; charset=utf-8"",""source"":""WEB-INF/jsp/tags.jsp page directive"",""confidence"":""high""}]",[],"[{""name"":""firstLetter"",""parameter"":""firstLetter"",""type"":""String"",""required"":true,""default"":null,""source"":""annotation"",""confidence"":""high""}]",[],[],[],,"currentLetter,firstLetters,tagcloud,tags",tags,src/main/scala/ru/org/linux/tag/TagController.scala,50,"@RequestMapping(path = Array(""/tags/{firstLetter}""))",
ANY,/top10.boxlet,/top10.boxlet,,,,,TopTenBoxlet,getData,scala,False,html-view,,"[{""value"":""text/html;charset=UTF-8"",""source"":""WEB-INF/jsp/boxlets/topiclist.jsp page directive"",""confidence"":""high""}]",[],[],[],[],[],,,boxlets/topiclist,src/main/scala/ru/org/linux/boxlets/TopTenBoxlet.scala,28,"@RequestMapping(path = Array(""/top10.boxlet""))",
ANY,/tracker,/tracker,,,,,TrackerController,tracker,scala,False,html-view,,"[{""value"":""text/html; charset=utf-8"",""source"":""WEB-INF/jsp/tracker-new.jsp page directive"",""confidence"":""high""}]","[{""name"":""filter"",""parameter"":""filterAction"",""type"":""String"",""required"":false,""default"":null,""source"":""annotation"",""confidence"":""high""},{""name"":""offset"",""parameter"":""offset"",""type"":""Int"",""required"":false,""default"":""0"",""source"":""annotation"",""confidence"":""high""}]",[],[],"[{""name"":""filters"",""provider"":""getFilter"",""return_type"":""java.util.List[TrackerFilterEnum]"",""source"":""controller-model-provider"",""confidence"":""high""}]",[],,,tracker-new,src/main/scala/ru/org/linux/tracker/TrackerController.scala,68,"@RequestMapping(path = Array(""/tracker""))",
ANY,/tracker.jsp,/tracker.jsp,,,,,TrackerController,trackerOldUrl,scala,False,redirect-or-view,,[],"[{""name"":""filter"",""parameter"":""filterAction"",""type"":""String"",""required"":false,""default"":""all"",""source"":""annotation"",""confidence"":""high""}]",[],[],"[{""name"":""filters"",""provider"":""getFilter"",""return_type"":""java.util.List[TrackerFilterEnum]"",""source"":""controller-model-provider"",""confidence"":""high""}]",[],,,,src/main/scala/ru/org/linux/tracker/TrackerController.scala,36,"@RequestMapping(path = Array(""/tracker.jsp""))",
GET,/uncommit.jsp,/uncommit.jsp,,,,,TopicModificationController,uncommitForm,scala,False,html-view,,"[{""value"":""text/html; charset=utf-8"",""source"":""WEB-INF/jsp/uncommit.jsp page directive"",""confidence"":""high""}]","[{""name"":""msgid"",""parameter"":""msgid"",""type"":""Int"",""required"":true,""default"":null,""source"":""annotation"",""confidence"":""high""}]",[],[],[],[],,,uncommit,src/main/scala/ru/org/linux/topic/TopicModificationController.scala,155,"@RequestMapping(value = Array(""/uncommit.jsp""), method = Array(RequestMethod.GET))",
POST,/uncommit.jsp,/uncommit.jsp,,,,,TopicModificationController,uncommit,scala,False,html-view,,"[{""value"":""text/html;charset=UTF-8"",""source"":""WEB-INF/jsp/action-done.jsp page directive"",""confidence"":""high""}]","[{""name"":""msgid"",""parameter"":""msgid"",""type"":""Int"",""required"":true,""default"":null,""source"":""annotation"",""confidence"":""high""}]",[],[],[],[],,,action-done,src/main/scala/ru/org/linux/topic/TopicModificationController.scala,167,"@RequestMapping(value = Array(""/uncommit.jsp""), method = Array(RequestMethod.POST))",
GET,/undelete,/undelete,,,,,DeleteTopicController,undeleteForm,scala,False,html-view,,"[{""value"":""text/html; charset=utf-8"",""source"":""WEB-INF/jsp/undelete.jsp page directive"",""confidence"":""high""}]","[{""name"":""msgid"",""parameter"":""msgid"",""type"":""Int"",""required"":true,""default"":null,""source"":""annotation"",""confidence"":""high""}]",[],[],"[{""name"":""deleteReasons"",""provider"":""deleteReasons"",""return_type"":""util.List[String]"",""source"":""controller-model-provider"",""confidence"":""high""}]",[],,,undelete,src/main/scala/ru/org/linux/topic/DeleteTopicController.scala,104,"@RequestMapping(value = Array(""/undelete""), method = Array(RequestMethod.GET))",
POST,/undelete,/undelete,,,,,DeleteTopicController,undelete,scala,False,html-view,,"[{""value"":""text/html;charset=UTF-8"",""source"":""WEB-INF/jsp/action-done.jsp page directive"",""confidence"":""high""}]","[{""name"":""msgid"",""parameter"":""msgid"",""type"":""Int"",""required"":true,""default"":null,""source"":""annotation"",""confidence"":""high""}]",[],[],"[{""name"":""deleteReasons"",""provider"":""deleteReasons"",""return_type"":""util.List[String]"",""source"":""controller-model-provider"",""confidence"":""high""}]",[],,,action-done,src/main/scala/ru/org/linux/topic/DeleteTopicController.scala,115,"@RequestMapping(value = Array(""/undelete""), method = Array(RequestMethod.POST))",
GET,/undelete_comment,/undelete_comment,,,,,DeleteCommentController,showUndeleteForm,scala,False,html-view,,"[{""value"":""text/html; charset=utf-8"",""source"":""WEB-INF/jsp/undelete_comment.jsp page directive"",""confidence"":""high""}]","[{""name"":""msgid"",""parameter"":""msgid"",""type"":""Int"",""required"":true,""default"":null,""source"":""annotation"",""confidence"":""high""}]",[],[],"[{""name"":""deleteReasons"",""provider"":""deleteReasons"",""return_type"":""util.List[String]"",""source"":""controller-model-provider"",""confidence"":""high""}]","[{""handler"":""handleUserNotFound"",""exceptions"":[""ScriptErrorException"",""UserErrorException"",""AccessViolationException""],""response_status"":""FORBIDDEN"",""return_type"":""ModelAndView"",""source"":""controller-exception-handler"",""confidence"":""high""}]",,,undelete_comment,src/main/scala/ru/org/linux/comment/DeleteCommentController.scala,183,"@RequestMapping(value = Array(""/undelete_comment""), method = Array(RequestMethod.GET))",
POST,/undelete_comment,/undelete_comment,,,,,DeleteCommentController,undelete,scala,False,redirect-or-view,,[],"[{""name"":""msgid"",""parameter"":""msgid"",""type"":""Int"",""required"":true,""default"":null,""source"":""annotation"",""confidence"":""high""}]",[],[],"[{""name"":""deleteReasons"",""provider"":""deleteReasons"",""return_type"":""util.List[String]"",""source"":""controller-model-provider"",""confidence"":""high""}]","[{""handler"":""handleUserNotFound"",""exceptions"":[""ScriptErrorException"",""UserErrorException"",""AccessViolationException""],""response_status"":""FORBIDDEN"",""return_type"":""ModelAndView"",""source"":""controller-exception-handler"",""confidence"":""high""}]",,,,src/main/scala/ru/org/linux/comment/DeleteCommentController.scala,203,"@RequestMapping(value = Array(""/undelete_comment""), method = Array(RequestMethod.POST))",
"GET,HEAD",/user-filter,/user-filter,,,,,UserFilterController,showList,scala,False,html-view,,"[{""value"":""text/html; charset=utf-8"",""source"":""WEB-INF/jsp/user-filter-list.jsp page directive"",""confidence"":""high""}]","[{""name"":""newFavoriteTagName"",""parameter"":""newFavoriteTagName"",""type"":""String"",""required"":false,""default"":null,""source"":""annotation"",""confidence"":""high""},{""name"":""newIgnoreTagName"",""parameter"":""newIgnoreTagName"",""type"":""String"",""required"":false,""default"":null,""source"":""annotation"",""confidence"":""high""}]",[],[],[],[],,"favoriteTags,ignoreList,ignoreRemarks,ignoreTags,isModerator,newFavoriteTagName,newIgnoreTagName",user-filter-list,src/main/scala/ru/org/linux/user/UserFilterController.scala,34,"@RequestMapping(value = Array(""/user-filter""), method = Array(RequestMethod.GET, RequestMethod.HEAD))",
POST,/user-filter/favorite-tag,/user-filter/favorite-tag,add,,,,UserFilterController,favoriteTagAddHTML,scala,False,redirect-or-view,,[],"[{""name"":""tagName"",""parameter"":""tagName"",""type"":""String"",""required"":true,""default"":null,""source"":""annotation"",""confidence"":""high""}]",[],[],[],[],,favoriteTagAddError,,src/main/scala/ru/org/linux/user/UserFilterController.scala,105,"@RequestMapping(value = Array(""/user-filter/favorite-tag""), method = Array(RequestMethod.POST), params = Array(""add""))",
POST,/user-filter/favorite-tag,/user-filter/favorite-tag,add,Accept=application/json,,,UserFilterController,favoriteTagAddJSON,scala,True,json,,"[{""value"":""application/json"",""source"":""@ResponseBody Json + configured message converter"",""confidence"":""medium""}]","[{""name"":""tagName"",""parameter"":""tagName"",""type"":""String"",""required"":true,""default"":null,""source"":""annotation"",""confidence"":""high""}]",[],[],[],[],,,,src/main/scala/ru/org/linux/user/UserFilterController.scala,127,"@RequestMapping(value = Array(""/user-filter/favorite-tag""), method = Array(RequestMethod.POST), params = Array(""add""), headers = Array(""Accept=application/json""))",
POST,/user-filter/favorite-tag,/user-filter/favorite-tag,del,,,,UserFilterController,favoriteTagDel,scala,False,redirect-or-view,,[],"[{""name"":""tagName"",""parameter"":""tagName"",""type"":""String"",""required"":true,""default"":null,""source"":""annotation"",""confidence"":""high""}]",[],[],[],[],,,,src/main/scala/ru/org/linux/user/UserFilterController.scala,148,"@RequestMapping(value = Array(""/user-filter/favorite-tag""), method = Array(RequestMethod.POST), params = Array(""del""))",
POST,/user-filter/favorite-tag,/user-filter/favorite-tag,del,Accept=application/json,,,UserFilterController,favoriteTagDelJSON,scala,True,json,,"[{""value"":""application/json"",""source"":""@ResponseBody Json + configured message converter"",""confidence"":""medium""}]","[{""name"":""tagName"",""parameter"":""tagName"",""type"":""String"",""required"":true,""default"":null,""source"":""annotation"",""confidence"":""high""}]",[],[],[],[],,,,src/main/scala/ru/org/linux/user/UserFilterController.scala,162,"@RequestMapping(value = Array(""/user-filter/favorite-tag""), method = Array(RequestMethod.POST), params = Array(""del""), headers = Array(""Accept=application/json""))",
POST,/user-filter/ignore-tag,/user-filter/ignore-tag,add,,,,UserFilterController,ignoreTagAdd,scala,False,redirect-or-view,,[],"[{""name"":""tagName"",""parameter"":""tagName"",""type"":""String"",""required"":true,""default"":null,""source"":""annotation"",""confidence"":""high""}]",[],[],[],[],,ignoreTagAddError,,src/main/scala/ru/org/linux/user/UserFilterController.scala,175,"@RequestMapping(value = Array(""/user-filter/ignore-tag""), method = Array(RequestMethod.POST), params = Array(""add""))",
POST,/user-filter/ignore-tag,/user-filter/ignore-tag,add,Accept=application/json,,,UserFilterController,ignoreTagAddJSON,scala,True,json,,"[{""value"":""application/json"",""source"":""@ResponseBody Json + configured message converter"",""confidence"":""medium""}]","[{""name"":""tagName"",""parameter"":""tagName"",""type"":""String"",""required"":true,""default"":null,""source"":""annotation"",""confidence"":""high""}]",[],[],[],[],,,,src/main/scala/ru/org/linux/user/UserFilterController.scala,202,"@RequestMapping(value = Array(""/user-filter/ignore-tag""), method = Array(RequestMethod.POST), params = Array(""add""), headers = Array(""Accept=application/json""))",
POST,/user-filter/ignore-tag,/user-filter/ignore-tag,del,,,,UserFilterController,ignoreTagDel,scala,False,redirect-or-view,,[],"[{""name"":""tagName"",""parameter"":""tagName"",""type"":""String"",""required"":true,""default"":null,""source"":""annotation"",""confidence"":""high""}]",[],[],[],[],,,,src/main/scala/ru/org/linux/user/UserFilterController.scala,230,"@RequestMapping(value = Array(""/user-filter/ignore-tag""), method = Array(RequestMethod.POST), params = Array(""del""))",
POST,/user-filter/ignore-tag,/user-filter/ignore-tag,del,Accept=application/json,,,UserFilterController,ignoreTagDelJSON,scala,True,json,,"[{""value"":""application/json"",""source"":""@ResponseBody Json + configured message converter"",""confidence"":""medium""}]","[{""name"":""tagName"",""parameter"":""tagName"",""type"":""String"",""required"":true,""default"":null,""source"":""annotation"",""confidence"":""high""}]",[],[],[],[],,,,src/main/scala/ru/org/linux/user/UserFilterController.scala,250,"@RequestMapping(value = Array(""/user-filter/ignore-tag""), method = Array(RequestMethod.POST), params = Array(""del""), headers = Array(""Accept=application/json""))",
POST,/user-filter/ignore-user,/user-filter/ignore-user,add,,,,UserFilterController,listAdd,scala,False,redirect-or-view,,[],"[{""name"":""nick"",""parameter"":""nick"",""type"":""String"",""required"":true,""default"":null,""source"":""annotation"",""confidence"":""high""}]",[],[],[],[],,,,src/main/scala/ru/org/linux/user/UserFilterController.scala,67,"@RequestMapping(value = Array(""/user-filter/ignore-user""), method = Array(RequestMethod.POST), params = Array(""add""))",
POST,/user-filter/ignore-user,/user-filter/ignore-user,del,,,,UserFilterController,listDel,scala,False,redirect-or-view,,[],"[{""name"":""id"",""parameter"":""id"",""type"":""Int"",""required"":true,""default"":null,""source"":""annotation"",""confidence"":""high""}]",[],[],[],[],,,,src/main/scala/ru/org/linux/user/UserFilterController.scala,90,"@RequestMapping(value = Array(""/user-filter/ignore-user""), method = Array(RequestMethod.POST), params = Array(""del""))",
POST,/usermod.jsp,/usermod.jsp,action=block,,,,UserModificationController,blockUser,scala,False,html-view,,[],"[{""name"":""id"",""parameter"":""user"",""type"":""User"",""required"":true,""default"":null,""source"":""annotation"",""confidence"":""high""},{""name"":""reason"",""parameter"":""reason"",""type"":""String"",""required"":false,""default"":null,""source"":""annotation"",""confidence"":""high""}]",[],[],[],[],,,,src/main/scala/ru/org/linux/user/UserModificationController.scala,92,"@RequestMapping(value = Array(""/usermod.jsp""), method = Array(RequestMethod.POST), params = Array(""action=block""))",
POST,/usermod.jsp,/usermod.jsp,action=score50,,,,UserModificationController,score50,scala,False,html-view,,[],"[{""name"":""id"",""parameter"":""user"",""type"":""User"",""required"":true,""default"":null,""source"":""annotation"",""confidence"":""high""}]",[],[],[],[],,,,src/main/scala/ru/org/linux/user/UserModificationController.scala,116,"@RequestMapping(value = Array(""/usermod.jsp""), method = Array(RequestMethod.POST), params = Array(""action=score50""))",
POST,/usermod.jsp,/usermod.jsp,action=unblock,,,,UserModificationController,unblockUser,scala,False,html-view,,[],"[{""name"":""id"",""parameter"":""user"",""type"":""User"",""required"":true,""default"":null,""source"":""annotation"",""confidence"":""high""}]",[],[],[],[],,,,src/main/scala/ru/org/linux/user/UserModificationController.scala,133,"@RequestMapping(value = Array(""/usermod.jsp""), method = Array(RequestMethod.POST), params = Array(""action=unblock""))",
POST,/usermod.jsp,/usermod.jsp,action=block-n-delete-comments,,,,UserModificationController,blockAndMassiveDeleteCommentUser,scala,False,html-view,,"[{""value"":""text/html; charset=utf-8"",""source"":""WEB-INF/jsp/delip.jsp page directive"",""confidence"":""high""}]","[{""name"":""id"",""parameter"":""user"",""type"":""User"",""required"":true,""default"":null,""source"":""annotation"",""confidence"":""high""},{""name"":""reason"",""parameter"":""reason"",""type"":""String"",""required"":false,""default"":null,""source"":""annotation"",""confidence"":""high""}]",[],[],[],[],,,delip,src/main/scala/ru/org/linux/user/UserModificationController.scala,152,"@RequestMapping(value = Array(""/usermod.jsp""), method = Array(RequestMethod.POST), params = Array(""action=block-n-delete-comments""))",
POST,/usermod.jsp,/usermod.jsp,action=toggle_corrector,,,,UserModificationController,toggleUserCorrector,scala,False,html-view,,[],"[{""name"":""id"",""parameter"":""user"",""type"":""User"",""required"":true,""default"":null,""source"":""annotation"",""confidence"":""high""}]",[],[],[],[],,,,src/main/scala/ru/org/linux/user/UserModificationController.scala,191,"@RequestMapping(value = Array(""/usermod.jsp""), method = Array(RequestMethod.POST), params = Array(""action=toggle_corrector""))",
POST,/usermod.jsp,/usermod.jsp,action=reset-password,,,,UserModificationController,resetPassword,scala,False,html-view,,"[{""value"":""text/html;charset=UTF-8"",""source"":""WEB-INF/jsp/action-done.jsp page directive"",""confidence"":""high""}]","[{""name"":""id"",""parameter"":""user"",""type"":""User"",""required"":true,""default"":null,""source"":""annotation"",""confidence"":""high""}]",[],[],[],[],,,action-done,src/main/scala/ru/org/linux/user/UserModificationController.scala,210,"@RequestMapping(value = Array(""/usermod.jsp""), method = Array(RequestMethod.POST), params = Array(""action=reset-password""))",
POST,/usermod.jsp,/usermod.jsp,action=remove_userinfo,,,,UserModificationController,removeUserInfo,scala,False,html-view,,[],"[{""name"":""id"",""parameter"":""user"",""type"":""User"",""required"":true,""default"":null,""source"":""annotation"",""confidence"":""high""}]",[],[],[],[],,,,src/main/scala/ru/org/linux/user/UserModificationController.scala,231,"@RequestMapping(value = Array(""/usermod.jsp""), method = Array(RequestMethod.POST), params = Array(""action=remove_userinfo""))",
POST,/usermod.jsp,/usermod.jsp,action=remove_town,,,,UserModificationController,removeTown,scala,False,html-view,,[],"[{""name"":""id"",""parameter"":""user"",""type"":""User"",""required"":true,""default"":null,""source"":""annotation"",""confidence"":""high""}]",[],[],[],[],,,,src/main/scala/ru/org/linux/user/UserModificationController.scala,245,"@RequestMapping(value = Array(""/usermod.jsp""), method = Array(RequestMethod.POST), params = Array(""action=remove_town""))",
POST,/usermod.jsp,/usermod.jsp,action=remove_url,,,,UserModificationController,removeUrl,scala,False,html-view,,[],"[{""name"":""id"",""parameter"":""user"",""type"":""User"",""required"":true,""default"":null,""source"":""annotation"",""confidence"":""high""}]",[],[],[],[],,,,src/main/scala/ru/org/linux/user/UserModificationController.scala,256,"@RequestMapping(value = Array(""/usermod.jsp""), method = Array(RequestMethod.POST), params = Array(""action=remove_url""))",
POST,/usermod.jsp,/usermod.jsp,action=freeze,,,,UserModificationController,freezeUser,scala,False,html-view,,[],"[{""name"":""id"",""parameter"":""user"",""type"":""User"",""required"":true,""default"":null,""source"":""annotation"",""confidence"":""high""},{""name"":""reason"",""parameter"":""reason"",""type"":""String"",""required"":true,""default"":null,""source"":""annotation"",""confidence"":""high""},{""name"":""shift"",""parameter"":""shift"",""type"":""String"",""required"":true,""default"":null,""source"":""annotation"",""confidence"":""high""}]",[],[],[],[],,,,src/main/scala/ru/org/linux/user/UserModificationController.scala,291,"@RequestMapping(value = Array(""/usermod.jsp""), method = Array(RequestMethod.POST), params = Array(""action=freeze""))",
"GET,HEAD",/view-all.jsp,/view-all.jsp,,,,,UncommitedTopicsController,viewAll,scala,False,html-view,,"[{""value"":""text/html; charset=utf-8"",""source"":""WEB-INF/jsp/view-all.jsp page directive"",""confidence"":""high""}]","[{""name"":""section"",""parameter"":""sectionId"",""type"":""Int"",""required"":false,""default"":""0"",""source"":""annotation"",""confidence"":""high""}]",[],[],[],"[{""handler"":""handleNotFoundException"",""exceptions"":[""SectionNotFoundException""],""response_status"":""NOT_FOUND"",""return_type"":null,""source"":""controller-exception-handler"",""confidence"":""high""}]",,"addLink,addLinkReason,deletedTopics,messages,section,title",view-all,src/main/scala/ru/org/linux/topic/UncommitedTopicsController.scala,37,@RequestMapping,"@RequestMapping(value = Array(""/view-all.jsp""), method = Array(RequestMethod.GET, RequestMethod.HEAD))"
ANY,/view-deleted,/view-deleted,,,,,DeletedCommentController,viewDeleted,scala,False,html-view,,"[{""value"":""text/html; charset=utf-8"",""source"":""WEB-INF/jsp/view-deleted.jsp page directive"",""confidence"":""high""}]","[{""name"":""id"",""parameter"":""id"",""type"":""Int"",""required"":true,""default"":null,""source"":""annotation"",""confidence"":""high""}]",[],[],[],[],,,view-deleted,src/main/scala/ru/org/linux/comment/DeletedCommentController.scala,35,"@RequestMapping(Array(""/view-deleted""))",
ANY,/view-message.jsp,/view-message.jsp,,,,,TopicController,getMessageOld,scala,False,redirect-or-view,,[],"[{""name"":""msgid"",""parameter"":""msgid"",""type"":""Int"",""required"":true,""default"":null,""source"":""annotation"",""confidence"":""high""},{""name"":""page"",""parameter"":""page"",""type"":""Integer"",""required"":false,""default"":null,""source"":""annotation"",""confidence"":""high""},{""name"":""lastmod"",""parameter"":""lastmod"",""type"":""java.lang.Long"",""required"":false,""default"":null,""source"":""annotation"",""confidence"":""high""},{""name"":""filter"",""parameter"":""filter"",""type"":""String"",""required"":false,""default"":null,""source"":""annotation"",""confidence"":""high""},{""name"":""output"",""parameter"":""output"",""type"":""String"",""required"":false,""default"":null,""source"":""annotation"",""confidence"":""high""}]",[],[],[],"[{""handler"":""handleMessageNotFoundException"",""exceptions"":[""MessageNotFoundException""],""response_status"":""NOT_FOUND"",""return_type"":""ModelAndView"",""source"":""controller-exception-handler"",""confidence"":""high""}]",,,,src/main/scala/ru/org/linux/topic/TopicController.scala,359,"@RequestMapping(path = Array(""/view-message.jsp""))",
"GET,HEAD",/view-news.jsp,/view-news.jsp,tag,,,,TagTopicListController,tagFeedOld,scala,False,redirect-or-view,,[],"[{""name"":""tag"",""parameter"":""tag"",""type"":""String"",""required"":true,""default"":null,""source"":""annotation"",""confidence"":""high""}]",[],[],[],"[{""handler"":""handleNotFoundException"",""exceptions"":[""SectionNotFoundException""],""response_status"":""NOT_FOUND"",""return_type"":null,""source"":""controller-exception-handler"",""confidence"":""high""}]",,,,src/main/scala/ru/org/linux/topic/TagTopicListController.scala,168,"@RequestMapping( value = Array(""/view-news.jsp""), method = Array(RequestMethod.GET, RequestMethod.HEAD), params = Array(""tag""))",
ANY,/view-section.jsp,/view-section.jsp,,,,,SectionController,oldLink,scala,False,redirect-or-view,,"[{""value"":""text/html; charset=utf-8"",""source"":""WEB-INF/jsp/errors/code404.jsp page directive"",""confidence"":""high""}]","[{""name"":""section"",""parameter"":""sectionid"",""type"":""Int"",""required"":true,""default"":null,""source"":""annotation"",""confidence"":""high""}]",[],[],[],"[{""handler"":""handleNotFoundException"",""exceptions"":[""SectionNotFoundException""],""response_status"":""NOT_FOUND"",""return_type"":""Set[Int]"",""source"":""controller-exception-handler"",""confidence"":""high""}]",,,errors/code404,src/main/scala/ru/org/linux/section/SectionController.scala,45,"@RequestMapping(value = Array(""/view-section.jsp""))",
POST,/vote.jsp,/vote.jsp,,,,,VoteController,vote,scala,False,redirect-or-view,,[],"[{""name"":""vote"",""parameter"":""votes"",""type"":""Array[Int]"",""required"":false,""default"":null,""source"":""annotation"",""confidence"":""high""},{""name"":""voteid"",""parameter"":""voteid"",""type"":""Int"",""required"":true,""default"":null,""source"":""annotation"",""confidence"":""high""}]",[],[],[],[],,,,src/main/scala/ru/org/linux/poll/VoteController.scala,30,"@RequestMapping(value = Array(""/vote.jsp""), method = Array(RequestMethod.POST))",
ANY,/whois.jsp,/whois.jsp,,,,,WhoisController,getInfo,scala,False,redirect-or-view,,"[{""value"":""text/html; charset=utf-8"",""source"":""WEB-INF/jsp/errors/good-penguin.jsp page directive"",""confidence"":""high""},{""value"":""text/html; charset=utf-8"",""source"":""WEB-INF/jsp/errors/user-banned.jsp page directive"",""confidence"":""high""}]","[{""name"":""nick"",""parameter"":""nick"",""type"":""String"",""required"":true,""default"":null,""source"":""annotation"",""confidence"":""high""}]",[],[],[],"[{""handler"":""handleUserBanedException"",""exceptions"":[""UserBanedException""],""response_status"":""FORBIDDEN"",""return_type"":""UserNotFoundException): ModelAndView"",""source"":""controller-exception-handler"",""confidence"":""high""},{""handler"":""handleUserNotFound"",""exceptions"":[""UserNotFoundException""],""response_status"":""NOT_FOUND"",""return_type"":""ModelAndView"",""source"":""controller-exception-handler"",""confidence"":""high""}]",,"msgHeader,msgMessage,msgTitle","errors/good-penguin,errors/user-banned",src/main/scala/ru/org/linux/user/WhoisController.scala,173,"@RequestMapping(path = Array(""/whois.jsp""))",
GET,/yandex-tableau,/yandex-tableau,,,,application/json,UserEventApiController,getYandexWidget,scala,True,json,,"[{""value"":""application/json"",""source"":""RequestMapping.produces"",""confidence"":""high""}]",[],[],[],[],[],,,,src/main/scala/ru/org/linux/user/UserEventApiController.scala,47,"@RequestMapping(value = Array(""/yandex-tableau""), method = Array(RequestMethod.GET), produces = Array(""application/json""))",
ANY,/{section}/,/{section:(?:news)|(?:polls)|(?:articles)|(?:gallery)}/,,,,,TopicListController,topics,scala,False,html-view,,[],"[{""name"":""offset"",""parameter"":""offset"",""type"":""Int"",""required"":false,""default"":""0"",""source"":""annotation"",""confidence"":""high""}]","[{""name"":""section"",""parameter"":""sectionName"",""type"":""String"",""required"":true,""default"":null,""source"":""annotation"",""confidence"":""high""}]",[],[],"[{""handler"":""handleNotFoundException"",""exceptions"":[""GroupNotFoundException"",""SectionNotFoundException""],""response_status"":""NOT_FOUND"",""return_type"":""ModelAndView"",""source"":""controller-exception-handler"",""confidence"":""high""}]",,"rssLink,url",,src/main/scala/ru/org/linux/topic/TopicListController.scala,167,"@RequestMapping(path = Array(""/{section:(?:news)|(?:polls)|(?:articles)|(?:gallery)}/""))",
ANY,/{section}/archive/{year}/{month},/{section}/archive/{year:\\d{4}}/{month},,,,,TopicListController,sectionArchive,scala,False,redirect-or-view,,[],[],"[{""name"":""section"",""parameter"":""section"",""type"":""String"",""required"":true,""default"":null,""source"":""annotation"",""confidence"":""high""},{""name"":""year"",""parameter"":""year"",""type"":""Int"",""required"":true,""default"":null,""source"":""annotation"",""confidence"":""high""},{""name"":""month"",""parameter"":""month"",""type"":""Int"",""required"":true,""default"":null,""source"":""annotation"",""confidence"":""high""}]",[],[],"[{""handler"":""handleNotFoundException"",""exceptions"":[""GroupNotFoundException"",""SectionNotFoundException""],""response_status"":""NOT_FOUND"",""return_type"":""ModelAndView"",""source"":""controller-exception-handler"",""confidence"":""high""}]",,,,src/main/scala/ru/org/linux/topic/TopicListController.scala,218,"@RequestMapping(path = Array(""/{section}/archive/{year:\\d{4}}/{month}""))",
ANY,/{section}/{group},/{section:(?:news)|(?:polls)|(?:articles)|(?:gallery)}/{group:[^.]+},,,,,TopicListController,topicsByGroup,scala,False,html-view,,[],"[{""name"":""offset"",""parameter"":""offset"",""type"":""Int"",""required"":false,""default"":""0"",""source"":""annotation"",""confidence"":""high""}]","[{""name"":""section"",""parameter"":""sectionName"",""type"":""String"",""required"":true,""default"":null,""source"":""annotation"",""confidence"":""high""},{""name"":""group"",""parameter"":""groupName"",""type"":""String"",""required"":true,""default"":null,""source"":""annotation"",""confidence"":""high""}]",[],[],"[{""handler"":""handleNotFoundException"",""exceptions"":[""GroupNotFoundException"",""SectionNotFoundException""],""response_status"":""NOT_FOUND"",""return_type"":""ModelAndView"",""source"":""controller-exception-handler"",""confidence"":""high""}]",,url,,src/main/scala/ru/org/linux/topic/TopicListController.scala,203,"@RequestMapping(path = Array(""/{section:(?:news)|(?:polls)|(?:articles)|(?:gallery)}/{group:[^.]+}""))",
ANY,/{section}/{group}/{id},/{section:(?:forum)|(?:news)|(?:polls)|(?:articles)|(?:gallery)}/{group}/{id},,,,,TopicController,getMessageMain,scala,False,redirect-or-view,,[],"[{""name"":""filter"",""parameter"":""filter"",""type"":""String"",""required"":false,""default"":null,""source"":""annotation"",""confidence"":""high""},{""name"":""cid"",""parameter"":""cid"",""type"":""Integer"",""required"":false,""default"":null,""source"":""annotation"",""confidence"":""high""},{""name"":""deleted"",""parameter"":""deleted"",""type"":""String"",""required"":false,""default"":null,""source"":""annotation"",""confidence"":""high""},{""name"":""skipdeleted"",""parameter"":""skipDeleted"",""type"":""Boolean"",""required"":false,""default"":""false"",""source"":""annotation"",""confidence"":""high""}]","[{""name"":""section"",""parameter"":""sectionName"",""type"":""String"",""required"":true,""default"":null,""source"":""annotation"",""confidence"":""high""},{""name"":""group"",""parameter"":""groupName"",""type"":""String"",""required"":true,""default"":null,""source"":""annotation"",""confidence"":""high""},{""name"":""id"",""parameter"":""msgid"",""type"":""Int"",""required"":true,""default"":null,""source"":""annotation"",""confidence"":""high""}]",[],[],"[{""handler"":""handleMessageNotFoundException"",""exceptions"":[""MessageNotFoundException""],""response_status"":""NOT_FOUND"",""return_type"":""ModelAndView"",""source"":""controller-exception-handler"",""confidence"":""high""}]",,,,src/main/scala/ru/org/linux/topic/TopicController.scala,98,"@RequestMapping(value = Array(""/{section:(?:forum)|(?:news)|(?:polls)|(?:articles)|(?:gallery)}/{group}/{id}""))",
GET,/{section}/{group}/{id}/page{page},/{section:(?:forum)|(?:news)|(?:polls)|(?:articles)|(?:gallery)}/{group}/{id}/page{page},,,,,TopicController,getMessagePage,scala,False,redirect-or-view,,[],"[{""name"":""filter"",""parameter"":""filter"",""type"":""String"",""required"":false,""default"":null,""source"":""annotation"",""confidence"":""high""}]","[{""name"":""section"",""parameter"":""sectionName"",""type"":""String"",""required"":true,""default"":null,""source"":""annotation"",""confidence"":""high""},{""name"":""group"",""parameter"":""groupName"",""type"":""String"",""required"":true,""default"":null,""source"":""annotation"",""confidence"":""high""},{""name"":""id"",""parameter"":""msgid"",""type"":""Int"",""required"":true,""default"":null,""source"":""annotation"",""confidence"":""high""},{""name"":""page"",""parameter"":""page"",""type"":""Int"",""required"":true,""default"":null,""source"":""annotation"",""confidence"":""high""}]",[],[],"[{""handler"":""handleMessageNotFoundException"",""exceptions"":[""MessageNotFoundException""],""response_status"":""NOT_FOUND"",""return_type"":""ModelAndView"",""source"":""controller-exception-handler"",""confidence"":""high""}]",,,,src/main/scala/ru/org/linux/topic/TopicController.scala,127,"@RequestMapping(value = Array(""/{section:(?:forum)|(?:news)|(?:polls)|(?:articles)|(?:gallery)}/{group}/{id}/page{page}""), method = Array(RequestMethod.GET))",
GET,/{section}/{group}/{id}/thread/{threadRoot},/{section:(?:forum)|(?:news)|(?:polls)|(?:articles)|(?:gallery)}/{group}/{id}/thread/{threadRoot},,,,,TopicController,getMessageThread,scala,False,html-view,,[],"[{""name"":""filter"",""parameter"":""filter"",""type"":""String"",""required"":false,""default"":null,""source"":""annotation"",""confidence"":""high""}]","[{""name"":""section"",""parameter"":""sectionName"",""type"":""String"",""required"":true,""default"":null,""source"":""annotation"",""confidence"":""high""},{""name"":""group"",""parameter"":""groupName"",""type"":""String"",""required"":true,""default"":null,""source"":""annotation"",""confidence"":""high""},{""name"":""id"",""parameter"":""msgid"",""type"":""Int"",""required"":true,""default"":null,""source"":""annotation"",""confidence"":""high""},{""name"":""threadRoot"",""parameter"":""threadRoot"",""type"":""Int"",""required"":true,""default"":null,""source"":""annotation"",""confidence"":""high""}]",[],[],"[{""handler"":""handleMessageNotFoundException"",""exceptions"":[""MessageNotFoundException""],""response_status"":""NOT_FOUND"",""return_type"":""ModelAndView"",""source"":""controller-exception-handler"",""confidence"":""high""}]",,,,src/main/scala/ru/org/linux/topic/TopicController.scala,143,"@RequestMapping(value = Array(""/{section:(?:forum)|(?:news)|(?:polls)|(?:articles)|(?:gallery)}/{group}/{id}/thread/{threadRoot}""), method = Array(RequestMethod.GET))",
